"Significant zonated pairs  (Kruskal Wallis q<0.2, mean expression>5E-6 UMI with score lower than -0.14, the 10 percentile obtained when randomizing enzyme identities). P-S are pairs in which the product of Enzyme 1 is the substrate of Enzyme2, S-S are pairs that utilize the same substrate, P-P are pairs that produce the same product, P-X-S denote triplets with an intermediate enzyme between Enzyme 1 and Enzyme 2.",,,,,,,
Enzyme1,Enzyme2,Metabolite,Type,Spatial discordance score,Peak1,Peak2,Pathway
gls2,glul,cpd:C00025,P-S,-10.2508,5,1,KEGG_ALANINE_ASPARTATE_AND_GLUTAMATE_METABOLISM
glul,gls2,cpd:C00064,P-S,-10.2508,1,5,KEGG_ALANINE_ASPARTATE_AND_GLUTAMATE_METABOLISM
glul,cps1,,P-X-S,-4.968771,1,4,KEGG_ALANINE_ASPARTATE_AND_GLUTAMATE_METABOLISM
adss,ass1,cpd:C00049,S-S,-0.627088,1,9,KEGG_ALANINE_ASPARTATE_AND_GLUTAMATE_METABOLISM
adssl1,ass1,cpd:C00049,S-S,-0.518814,1,9,KEGG_ALANINE_ASPARTATE_AND_GLUTAMATE_METABOLISM
adss,got1,cpd:C00049,S-S,-0.246179,1,8,KEGG_ALANINE_ASPARTATE_AND_GLUTAMATE_METABOLISM
adssl1,got1,cpd:C00049,S-S,-0.177559,1,8,KEGG_ALANINE_ASPARTATE_AND_GLUTAMATE_METABOLISM
gls2,glud1,cpd:C00025,P-S,-0.176109,5,1,KEGG_ALANINE_ASPARTATE_AND_GLUTAMATE_METABOLISM
pla2g12b,pla2g16,cpd:C00157,S-S,-0.722595,8,1,KEGG_ALPHA_LINOLENIC_ACID_METABOLISM
pla2g16,fads2,cpd:C06427,P-S,-0.692773,1,9,KEGG_ALPHA_LINOLENIC_ACID_METABOLISM
pla2g12a,pla2g12b,cpd:C00157,S-S,-0.569027,1,8,KEGG_ALPHA_LINOLENIC_ACID_METABOLISM
pla2g12a,fads2,cpd:C06427,P-S,-0.534352,1,9,KEGG_ALPHA_LINOLENIC_ACID_METABOLISM
pla2g6,fads2,cpd:C06427,P-S,-0.269862,2,9,KEGG_ALPHA_LINOLENIC_ACID_METABOLISM
pla2g12b,pla2g6,cpd:C00157,S-S,-0.172927,8,2,KEGG_ALPHA_LINOLENIC_ACID_METABOLISM
pmm1,pmm2,cpd:C00275,S-S,-0.63719,1,8,KEGG_AMINO_SUGAR_AND_NUCLEOTIDE_SUGAR_METABOLISM
gck,gpi1,cpd:C00668,P-S,-0.220647,2,8,KEGG_AMINO_SUGAR_AND_NUCLEOTIDE_SUGAR_METABOLISM
pla2g12b,cyp2c37,cpd:C00219,P-S,-2.394276,8,1,KEGG_ARACHIDONIC_ACID_METABOLISM
pla2g12b,cyp2c40,cpd:C00219,P-S,-2.16832,8,1,KEGG_ARACHIDONIC_ACID_METABOLISM
cyp2c37,ephx2,cpd:C14768,P-S,-1.942112,1,7,KEGG_ARACHIDONIC_ACID_METABOLISM
cyp2c40,ephx2,cpd:C14768,P-S,-1.761925,1,7,KEGG_ARACHIDONIC_ACID_METABOLISM
pla2g12b,cyp2c38,cpd:C00219,P-S,-1.753362,8,1,KEGG_ARACHIDONIC_ACID_METABOLISM
pla2g12b,cyp2e1,cpd:C00219,P-S,-1.506504,8,1,KEGG_ARACHIDONIC_ACID_METABOLISM
pla2g12b,cyp2c29,cpd:C00219,P-S,-1.443767,8,1,KEGG_ARACHIDONIC_ACID_METABOLISM
cyp2c38,ephx2,cpd:C14768,P-S,-1.405734,1,7,KEGG_ARACHIDONIC_ACID_METABOLISM
pla2g12b,cyp2c50,cpd:C00219,P-S,-1.181142,8,1,KEGG_ARACHIDONIC_ACID_METABOLISM
cyp2c29,ephx2,cpd:C14768,P-S,-1.155301,1,7,KEGG_ARACHIDONIC_ACID_METABOLISM
pla2g12b,cyp2c54,cpd:C00219,P-S,-1.104876,8,1,KEGG_ARACHIDONIC_ACID_METABOLISM
pla2g12b,cyp2c68,cpd:C00219,P-S,-1.017858,8,1,KEGG_ARACHIDONIC_ACID_METABOLISM
cyp2c50,ephx2,cpd:C14768,P-S,-0.930141,1,7,KEGG_ARACHIDONIC_ACID_METABOLISM
cyp2c54,ephx2,cpd:C14768,P-S,-0.872765,1,7,KEGG_ARACHIDONIC_ACID_METABOLISM
cyp2c37,cyp2j5,cpd:C14768,P-P,-0.840016,1,9,KEGG_ARACHIDONIC_ACID_METABOLISM
pla2g12b,cyp4a12a,cpd:C00219,P-S,-0.821703,8,1,KEGG_ARACHIDONIC_ACID_METABOLISM
cyp2c68,ephx2,cpd:C14768,P-S,-0.792801,1,7,KEGG_ARACHIDONIC_ACID_METABOLISM
cyp2c40,cyp2j5,cpd:C14768,P-P,-0.75885,1,9,KEGG_ARACHIDONIC_ACID_METABOLISM
pla2g6,cyp2c37,cpd:C00219,P-S,-0.699954,2,1,KEGG_ARACHIDONIC_ACID_METABOLISM
pla2g12b,cyp4a12b,cpd:C00219,P-S,-0.691026,8,1,KEGG_ARACHIDONIC_ACID_METABOLISM
cyp4a12a,ephx2,cpd:C14770,P-S,-0.668264,1,7,KEGG_ARACHIDONIC_ACID_METABOLISM
cyp2c38,cyp2j5,cpd:C14768,P-P,-0.597614,1,9,KEGG_ARACHIDONIC_ACID_METABOLISM
pla2g16,ephx2,,P-X-S,-0.578406,1,7,KEGG_ARACHIDONIC_ACID_METABOLISM
cyp4a12b,ephx2,cpd:C14770,P-S,-0.572857,1,7,KEGG_ARACHIDONIC_ACID_METABOLISM
pla2g6,cyp2c40,cpd:C00219,P-S,-0.56077,2,1,KEGG_ARACHIDONIC_ACID_METABOLISM
cyp2e1,cyp2j5,cpd:C00219,S-S,-0.53154,1,9,KEGG_ARACHIDONIC_ACID_METABOLISM
cyp2c29,cyp2j5,cpd:C14768,P-P,-0.510222,1,9,KEGG_ARACHIDONIC_ACID_METABOLISM
pla2g12a,ephx2,,P-X-S,-0.423057,1,7,KEGG_ARACHIDONIC_ACID_METABOLISM
cyp2c50,cyp2j5,cpd:C14768,P-P,-0.418236,1,9,KEGG_ARACHIDONIC_ACID_METABOLISM
cyp2c68,cyp2j5,cpd:C14768,P-P,-0.366187,1,9,KEGG_ARACHIDONIC_ACID_METABOLISM
cyp2c54,cyp2j5,cpd:C14768,P-P,-0.348844,1,9,KEGG_ARACHIDONIC_ACID_METABOLISM
cyp2b10,ephx2,cpd:C14768,P-S,-0.321593,3,7,KEGG_ARACHIDONIC_ACID_METABOLISM
cyp2c37,gpx1,cpd:C05966,S-S,-0.283911,1,9,KEGG_ARACHIDONIC_ACID_METABOLISM
cyp2j5,cyp4a12a,cpd:C14770,P-P,-0.282523,9,1,KEGG_ARACHIDONIC_ACID_METABOLISM
pla2g16,cyp2j5,cpd:C00219,P-S,-0.274946,1,9,KEGG_ARACHIDONIC_ACID_METABOLISM
pla2g6,cyp2c38,cpd:C00219,P-S,-0.274469,2,1,KEGG_ARACHIDONIC_ACID_METABOLISM
pla2g12b,cyp4f13,cpd:C00219,P-S,-0.263565,8,1,KEGG_ARACHIDONIC_ACID_METABOLISM
cyp2c40,gpx1,cpd:C05966,S-S,-0.256478,1,9,KEGG_ARACHIDONIC_ACID_METABOLISM
pla2g12b,cyp2b10,cpd:C00219,P-S,-0.254929,8,3,KEGG_ARACHIDONIC_ACID_METABOLISM
cyp2j5,cyp4a12b,cpd:C14770,P-P,-0.240108,9,1,KEGG_ARACHIDONIC_ACID_METABOLISM
pla2g6,cyp2c68,cpd:C00219,P-S,-0.234843,2,1,KEGG_ARACHIDONIC_ACID_METABOLISM
pla2g6,cyp2c54,cpd:C00219,P-S,-0.230143,2,1,KEGG_ARACHIDONIC_ACID_METABOLISM
pla2g12a,cyp2j5,cpd:C00219,P-S,-0.212072,1,9,KEGG_ARACHIDONIC_ACID_METABOLISM
cyp2c38,gpx1,cpd:C05966,S-S,-0.201983,1,9,KEGG_ARACHIDONIC_ACID_METABOLISM
pla2g6,ephx2,,P-X-S,-0.188685,2,7,KEGG_ARACHIDONIC_ACID_METABOLISM
pla2g6,cyp2c50,cpd:C00219,P-S,-0.185304,2,1,KEGG_ARACHIDONIC_ACID_METABOLISM
pla2g6,cyp4a12a,cpd:C00219,P-S,-0.184464,2,1,KEGG_ARACHIDONIC_ACID_METABOLISM
cyp2c29,gpx1,cpd:C05966,S-S,-0.172446,1,9,KEGG_ARACHIDONIC_ACID_METABOLISM
pla2g6,cyp2e1,cpd:C00219,P-S,-0.167103,2,1,KEGG_ARACHIDONIC_ACID_METABOLISM
pla2g6,cyp4a12b,cpd:C00219,P-S,-0.165293,2,1,KEGG_ARACHIDONIC_ACID_METABOLISM
pla2g6,cyp2c29,cpd:C00219,P-S,-0.148026,2,1,KEGG_ARACHIDONIC_ACID_METABOLISM
aldh1b1,aldh3a2,cpd:C00334,P-P,-5.947576,9,1,KEGG_ARGININE_AND_PROLINE_METABOLISM
arg1,oat,cpd:C00077,P-S,-4.73666,7,1,KEGG_ARGININE_AND_PROLINE_METABOLISM
oat,odc1,cpd:C00077,S-S,-2.734069,1,9,KEGG_ARGININE_AND_PROLINE_METABOLISM
aldh1b1,aldh2,cpd:C00334,P-P,-1.884368,9,1,KEGG_ARGININE_AND_PROLINE_METABOLISM
maob,aldh3a2,cpd:C05936,P-S,-1.345179,9,1,KEGG_ARGININE_AND_PROLINE_METABOLISM
sat2,aldh1b1,,P-X-S,-1.297158,3,9,KEGG_ARGININE_AND_PROLINE_METABOLISM
prodh,pycrl,cpd:C00148,S-S,-0.874771,1,9,KEGG_ARGININE_AND_PROLINE_METABOLISM
p4ha2,prodh,cpd:C00148,S-S,-0.561798,3,1,KEGG_ARGININE_AND_PROLINE_METABOLISM
arg1,srm,,P-X-S,-0.504544,7,1,KEGG_ARGININE_AND_PROLINE_METABOLISM
maob,aldh2,cpd:C05936,P-S,-0.426193,9,1,KEGG_ARGININE_AND_PROLINE_METABOLISM
p4ha1,prodh,cpd:C00148,S-S,-0.409292,2,1,KEGG_ARGININE_AND_PROLINE_METABOLISM
odc1,srm,cpd:C00134,P-S,-0.340915,9,1,KEGG_ARGININE_AND_PROLINE_METABOLISM
odc1,sat2,cpd:C00134,P-S,-0.303443,9,3,KEGG_ARGININE_AND_PROLINE_METABOLISM
sat2,maob,cpd:C02714,P-S,-0.241748,3,9,KEGG_ARGININE_AND_PROLINE_METABOLISM
p4ha1,pycrl,cpd:C01157,P-P,-0.200629,2,9,KEGG_ARGININE_AND_PROLINE_METABOLISM
aldh3a2,abat,cpd:C00099,P-S,-0.749567,1,9,KEGG_BETA_ALANINE_METABOLISM
aldh1b1,upb1,cpd:C00099,P-P,-0.381879,9,1,KEGG_BETA_ALANINE_METABOLISM
hibch,hadha,cpd:C05668,P-S,-0.263797,9,1,KEGG_BETA_ALANINE_METABOLISM
aldh2,abat,cpd:C00099,P-S,-0.237485,1,9,KEGG_BETA_ALANINE_METABOLISM
bdh2,aacs,cpd:C00164,P-S,-4.277158,9,1,KEGG_BUTANOATE_METABOLISM
bdh2,hmgcl,cpd:C00164,P-P,-0.832822,9,1,KEGG_BUTANOATE_METABOLISM
aacs,acat1,cpd:C00332,P-P,-0.382946,1,3,KEGG_BUTANOATE_METABOLISM
bdh1,aacs,cpd:C00164,P-S,-0.33739,3,1,KEGG_BUTANOATE_METABOLISM
aacs,hmgcs2,cpd:C00332,P-S,-0.236383,1,9,KEGG_BUTANOATE_METABOLISM
hmgcs2,aacs,,P-X-S,-0.236383,9,1,KEGG_BUTANOATE_METABOLISM
bdh1,bdh2,cpd:C01089,S-S,-0.152024,3,9,KEGG_BUTANOATE_METABOLISM
acly,dlat,cpd:C00024,S-S,-0.731628,8,1,KEGG_CITRATE_CYCLE_TCA_CYCLE
acly,cs,cpd:C00024,S-S,-0.50286,8,2,KEGG_CITRATE_CYCLE_TCA_CYCLE
idh2,idh3a,cpd:C00026,P-P,-0.276556,1,9,KEGG_CITRATE_CYCLE_TCA_CYCLE
mdh1,cs,cpd:C00036,P-S,-0.193609,8,2,KEGG_CITRATE_CYCLE_TCA_CYCLE
sucla2,suclg2,cpd:C00091,P-P,-0.188548,6,2,KEGG_CITRATE_CYCLE_TCA_CYCLE
cs,pck1,cpd:C00036,S-S,-0.187562,2,9,KEGG_CITRATE_CYCLE_TCA_CYCLE
sdhd,suclg2,cpd:C00042,S-S,-0.147667,9,2,KEGG_CITRATE_CYCLE_TCA_CYCLE
cth,tst,cpd:C00022,P-P,-0.217494,8,1,KEGG_CYSTEINE_AND_METHIONINE_METABOLISM
got1,tst,cpd:C00957,P-S,-0.190776,8,1,KEGG_CYSTEINE_AND_METHIONINE_METABOLISM
ldha,tst,cpd:C00957,S-S,-0.145024,7,1,KEGG_CYSTEINE_AND_METHIONINE_METABOLISM
gstm2,gstp1,cpd:C07645,S-S,-3.134032,1,8,KEGG_DRUG_METABOLISM_CYTOCHROME_P450
gsta2,gstm2,cpd:C07645,S-S,-2.860315,8,1,KEGG_DRUG_METABOLISM_CYTOCHROME_P450
gstm6,gstp1,cpd:C07645,S-S,-1.559969,1,8,KEGG_DRUG_METABOLISM_CYTOCHROME_P450
gsta2,gstm6,cpd:C07645,S-S,-1.423726,8,1,KEGG_DRUG_METABOLISM_CYTOCHROME_P450
gstm3,gstp1,cpd:C07645,S-S,-1.325539,1,8,KEGG_DRUG_METABOLISM_CYTOCHROME_P450
gsta2,gstm3,cpd:C07645,S-S,-1.209771,8,1,KEGG_DRUG_METABOLISM_CYTOCHROME_P450
gstp1,gstt3,cpd:C07645,S-S,-1.114133,8,1,KEGG_DRUG_METABOLISM_CYTOCHROME_P450
fmo2,fmo3,dr:D08559 cpd:C07108,S-S,-1.050465,2,7,KEGG_DRUG_METABOLISM_CYTOCHROME_P450
gsta2,gstt3,cpd:C07645,S-S,-1.016828,8,1,KEGG_DRUG_METABOLISM_CYTOCHROME_P450
fmo1,fmo3,dr:D08559 cpd:C07108,S-S,-0.916258,1,7,KEGG_DRUG_METABOLISM_CYTOCHROME_P450
gstm1,gstp1,cpd:C07645,S-S,-0.711948,1,8,KEGG_DRUG_METABOLISM_CYTOCHROME_P450
gsta2,gstm1,cpd:C07645,S-S,-0.649769,8,1,KEGG_DRUG_METABOLISM_CYTOCHROME_P450
gstm2,gsto1,cpd:C07645,S-S,-0.649072,1,9,KEGG_DRUG_METABOLISM_CYTOCHROME_P450
gstp1,gstt1,cpd:C07645,S-S,-0.638611,8,1,KEGG_DRUG_METABOLISM_CYTOCHROME_P450
gsta2,gstt1,cpd:C07645,S-S,-0.582836,8,1,KEGG_DRUG_METABOLISM_CYTOCHROME_P450
gstp1,mgst1,cpd:C07645,S-S,-0.564603,8,1,KEGG_DRUG_METABOLISM_CYTOCHROME_P450
gsta3,gstp1,cpd:C07645,S-S,-0.541203,1,8,KEGG_DRUG_METABOLISM_CYTOCHROME_P450
gstk1,gstm2,cpd:C07645,S-S,-0.538159,7,1,KEGG_DRUG_METABOLISM_CYTOCHROME_P450
gsta2,mgst1,cpd:C07645,S-S,-0.515292,8,1,KEGG_DRUG_METABOLISM_CYTOCHROME_P450
gsta2,gsta3,cpd:C07645,S-S,-0.493936,8,1,KEGG_DRUG_METABOLISM_CYTOCHROME_P450
fmo2,fmo5,dr:D08559 cpd:C07108,S-S,-0.351926,2,9,KEGG_DRUG_METABOLISM_CYTOCHROME_P450
maob,aox1,cpd:C16612,P-S,-0.35016,9,2,KEGG_DRUG_METABOLISM_CYTOCHROME_P450
gstm6,gsto1,cpd:C07645,S-S,-0.322805,1,9,KEGG_DRUG_METABOLISM_CYTOCHROME_P450
adh1,gstp1,cpd:C07645,S-S,-0.304977,1,8,KEGG_DRUG_METABOLISM_CYTOCHROME_P450
aox1,aox3,cpd:C16612,S-S,-0.287793,2,7,KEGG_DRUG_METABOLISM_CYTOCHROME_P450
adh1,gsta2,cpd:C07645,S-S,-0.278341,1,8,KEGG_DRUG_METABOLISM_CYTOCHROME_P450
gstk1,gstm6,cpd:C07645,S-S,-0.27436,7,1,KEGG_DRUG_METABOLISM_CYTOCHROME_P450
gstm3,gsto1,cpd:C07645,S-S,-0.2681,1,9,KEGG_DRUG_METABOLISM_CYTOCHROME_P450
gsta2,mgst3,cpd:C07645,S-S,-0.247563,8,2,KEGG_DRUG_METABOLISM_CYTOCHROME_P450
gstk1,gstm3,cpd:C07645,S-S,-0.236755,7,1,KEGG_DRUG_METABOLISM_CYTOCHROME_P450
gstp1,gstt2,cpd:C07645,S-S,-0.234017,8,1,KEGG_DRUG_METABOLISM_CYTOCHROME_P450
gsto1,gstt3,cpd:C07645,S-S,-0.217251,9,1,KEGG_DRUG_METABOLISM_CYTOCHROME_P450
gsta2,gstt2,cpd:C07645,S-S,-0.213579,8,1,KEGG_DRUG_METABOLISM_CYTOCHROME_P450
gstk1,gstt3,cpd:C07645,S-S,-0.192616,7,1,KEGG_DRUG_METABOLISM_CYTOCHROME_P450
gstp1,mgst3,cpd:C07645,S-S,-0.180257,8,2,KEGG_DRUG_METABOLISM_CYTOCHROME_P450
gstm1,gsto1,cpd:C07645,S-S,-0.148593,1,9,KEGG_DRUG_METABOLISM_CYTOCHROME_P450
ces1e,ugt2b36,cpd:C11173,P-S,-0.555754,4,1,KEGG_DRUG_METABOLISM_OTHER_ENZYMES
ces1e,ces2e,cpd:C16635,P-P,-0.44049,4,1,KEGG_DRUG_METABOLISM_OTHER_ENZYMES
ces1e,ugt2b35,cpd:C11173,P-S,-0.414384,4,1,KEGG_DRUG_METABOLISM_OTHER_ENZYMES
uck1,uckl1,cpd:C16633,S-S,-0.403572,1,5,KEGG_DRUG_METABOLISM_OTHER_ENZYMES
dpyd,upp2,dr:D00584 cpd:C07649,S-S,-0.33739,9,2,KEGG_DRUG_METABOLISM_OTHER_ENZYMES
ces1e,ugt2b34,cpd:C11173,P-S,-0.306331,4,1,KEGG_DRUG_METABOLISM_OTHER_ENZYMES
ces1e,ugt2b1,cpd:C11173,P-S,-0.306304,4,1,KEGG_DRUG_METABOLISM_OTHER_ENZYMES
ces1e,ugt1a1,cpd:C11173,P-S,-0.287423,4,1,KEGG_DRUG_METABOLISM_OTHER_ENZYMES
ces1e,ugt1a10,cpd:C11173,P-S,-0.287423,4,1,KEGG_DRUG_METABOLISM_OTHER_ENZYMES
ces1e,ugt1a2,cpd:C11173,P-S,-0.287423,4,1,KEGG_DRUG_METABOLISM_OTHER_ENZYMES
ces1e,ugt1a5,cpd:C11173,P-S,-0.287423,4,1,KEGG_DRUG_METABOLISM_OTHER_ENZYMES
ces1e,ugt1a6a,cpd:C11173,P-S,-0.287423,4,1,KEGG_DRUG_METABOLISM_OTHER_ENZYMES
ces1e,ugt1a6b,cpd:C11173,P-S,-0.287423,4,1,KEGG_DRUG_METABOLISM_OTHER_ENZYMES
ces1e,ugt1a7c,cpd:C11173,P-S,-0.287423,4,1,KEGG_DRUG_METABOLISM_OTHER_ENZYMES
ces1e,ugt1a9,cpd:C11173,P-S,-0.287423,4,1,KEGG_DRUG_METABOLISM_OTHER_ENZYMES
ces1e,ces2a,cpd:C16635,P-P,-0.197551,4,1,KEGG_DRUG_METABOLISM_OTHER_ENZYMES
ept1,pla2g12b,cpd:C04756,S-S,-0.459004,1,8,KEGG_ETHER_LIPID_METABOLISM
pafah2,pla2g12b,cpd:C04317,P-P,-0.316789,1,8,KEGG_ETHER_LIPID_METABOLISM
fbp1,pfkfb1,cpd:C05345,P-P,-0.85785,9,1,KEGG_FRUCTOSE_AND_MANNOSE_METABOLISM
sord,aldob,,P-X-S,-0.386985,1,9,KEGG_FRUCTOSE_AND_MANNOSE_METABOLISM
sord,khk,cpd:C00095,P-S,-0.311648,1,9,KEGG_FRUCTOSE_AND_MANNOSE_METABOLISM
g6pc,g6pc3,cpd:C00267,P-P,-1.078647,7,1,KEGG_GALACTOSE_METABOLISM
g6pc3,g6pc,,P-X-S,-1.078647,1,7,KEGG_GALACTOSE_METABOLISM
g6pc,gck,cpd:C00267,P-S,-0.292171,7,2,KEGG_GALACTOSE_METABOLISM
gck,g6pc,cpd:C00668,P-S,-0.292171,2,7,KEGG_GALACTOSE_METABOLISM
idh2,gstp1,,P-X-S,-0.514597,1,8,KEGG_GLUTATHIONE_METABOLISM
gsr,gstm2,cpd:C00051,P-S,-0.501173,3,1,KEGG_GLUTATHIONE_METABOLISM
idh2,gsta2,,P-X-S,-0.469653,1,8,KEGG_GLUTATHIONE_METABOLISM
gpx4,gstp1,cpd:C00051,S-S,-0.284982,1,8,KEGG_GLUTATHIONE_METABOLISM
gpx4,gsta2,cpd:C00051,S-S,-0.260093,1,8,KEGG_GLUTATHIONE_METABOLISM
gsr,gsta2,cpd:C00051,P-S,-0.24626,3,8,KEGG_GLUTATHIONE_METABOLISM
gpx1,gstm2,cpd:C00051,S-S,-0.235428,9,1,KEGG_GLUTATHIONE_METABOLISM
gsr,gstt3,cpd:C00051,P-S,-0.229599,3,1,KEGG_GLUTATHIONE_METABOLISM
gsr,gstp1,cpd:C00051,P-S,-0.220137,3,8,KEGG_GLUTATHIONE_METABOLISM
gsr,gstm6,cpd:C00051,P-S,-0.208638,3,1,KEGG_GLUTATHIONE_METABOLISM
gsr,gstm3,cpd:C00051,P-S,-0.159326,3,1,KEGG_GLUTATHIONE_METABOLISM
aldh1b1,glyctk,cpd:C00258,P-S,-0.559387,9,5,KEGG_GLYCEROLIPID_METABOLISM
lpin1,pnpla2,cpd:C00641,P-P,-0.289523,9,1,KEGG_GLYCEROLIPID_METABOLISM
lpin1,dgat2,cpd:C00641,P-S,-0.26382,9,1,KEGG_GLYCEROLIPID_METABOLISM
lipc,pnpla2,cpd:C00422,S-S,-0.259668,6,1,KEGG_GLYCEROLIPID_METABOLISM
pnpla2,lipc,cpd:C00641,P-S,-0.259668,1,6,KEGG_GLYCEROLIPID_METABOLISM
dgat1,pnpla2,cpd:C00422,P-S,-0.245347,4,1,KEGG_GLYCEROLIPID_METABOLISM
pnpla2,dgat1,cpd:C00641,P-S,-0.245347,1,4,KEGG_GLYCEROLIPID_METABOLISM
dgat2,lipc,cpd:C00422,P-S,-0.226999,1,6,KEGG_GLYCEROLIPID_METABOLISM
lipc,dgat2,cpd:C00641,P-S,-0.226999,6,1,KEGG_GLYCEROLIPID_METABOLISM
lipc,lpin2,cpd:C00641,P-P,-0.182536,6,1,KEGG_GLYCEROLIPID_METABOLISM
lpin2,lipc,cpd:C00641,P-S,-0.182536,1,6,KEGG_GLYCEROLIPID_METABOLISM
lpin1,lpin2,cpd:C00641,P-P,-0.181852,9,1,KEGG_GLYCEROLIPID_METABOLISM
dgat1,dgat2,cpd:C00422,P-P,-0.173583,4,1,KEGG_GLYCEROLIPID_METABOLISM
dgat2,dgat1,,P-X-S,-0.173583,1,4,KEGG_GLYCEROLIPID_METABOLISM
pla2g16,pnpla7,cpd:C04230,P-S,-0.853259,1,8,KEGG_GLYCEROPHOSPHOLIPID_METABOLISM
gpcpd1,etnk1,cpd:C00189,P-S,-0.705818,1,9,KEGG_GLYCEROPHOSPHOLIPID_METABOLISM
pla2g12a,pnpla7,cpd:C04230,P-S,-0.671921,1,8,KEGG_GLYCEROPHOSPHOLIPID_METABOLISM
chkb,etnk1,cpd:C00346,P-P,-0.657641,1,9,KEGG_GLYCEROPHOSPHOLIPID_METABOLISM
etnk1,chkb,,P-X-S,-0.657641,9,1,KEGG_GLYCEROPHOSPHOLIPID_METABOLISM
pnpla7,gpcpd1,cpd:C00670,P-S,-0.62293,8,1,KEGG_GLYCEROPHOSPHOLIPID_METABOLISM
pnpla7,chkb,,P-X-S,-0.615809,8,1,KEGG_GLYCEROPHOSPHOLIPID_METABOLISM
lpin1,pla2g16,,P-X-S,-0.54661,9,1,KEGG_GLYCEROPHOSPHOLIPID_METABOLISM
ept1,pnpla7,,P-X-S,-0.542003,1,8,KEGG_GLYCEROPHOSPHOLIPID_METABOLISM
pla2g12b,gpcpd1,,P-X-S,-0.527538,8,1,KEGG_GLYCEROPHOSPHOLIPID_METABOLISM
ptdss1,pnpla7,,P-X-S,-0.497472,1,8,KEGG_GLYCEROPHOSPHOLIPID_METABOLISM
lpin1,pla2g12a,,P-X-S,-0.421613,9,1,KEGG_GLYCEROPHOSPHOLIPID_METABOLISM
pla2g12b,ptdss1,cpd:C00157,S-S,-0.421292,8,1,KEGG_GLYCEROPHOSPHOLIPID_METABOLISM
etnk1,phospho1,cpd:C00346,P-S,-0.391646,9,2,KEGG_GLYCEROPHOSPHOLIPID_METABOLISM
phospho1,etnk1,cpd:C00189,P-S,-0.391646,2,9,KEGG_GLYCEROPHOSPHOLIPID_METABOLISM
pnpla7,etnk2,,P-X-S,-0.363834,8,1,KEGG_GLYCEROPHOSPHOLIPID_METABOLISM
etnk1,etnk2,cpd:C00346,P-P,-0.354424,9,1,KEGG_GLYCEROPHOSPHOLIPID_METABOLISM
etnk2,etnk1,,P-X-S,-0.354424,1,9,KEGG_GLYCEROPHOSPHOLIPID_METABOLISM
pla2g6,pnpla7,cpd:C04230,P-S,-0.328239,2,8,KEGG_GLYCEROPHOSPHOLIPID_METABOLISM
lpin1,ept1,cpd:C00641,P-S,-0.307712,9,1,KEGG_GLYCEROPHOSPHOLIPID_METABOLISM
lpin1,ptdss1,,P-X-S,-0.306458,9,1,KEGG_GLYCEROPHOSPHOLIPID_METABOLISM
lpin2,pla2g12b,,P-X-S,-0.265628,1,8,KEGG_GLYCEROPHOSPHOLIPID_METABOLISM
pla2g6,gpcpd1,,P-X-S,-0.194253,2,1,KEGG_GLYCEROPHOSPHOLIPID_METABOLISM
lpin1,pla2g6,,P-X-S,-0.191419,9,2,KEGG_GLYCEROPHOSPHOLIPID_METABOLISM
chpt1,pnpla7,,P-X-S,-0.189338,2,8,KEGG_GLYCEROPHOSPHOLIPID_METABOLISM
pcyt1a,pla2g12b,,P-X-S,-0.171331,1,8,KEGG_GLYCEROPHOSPHOLIPID_METABOLISM
gpcpd1,phospho1,cpd:C00114,P-P,-0.169547,1,2,KEGG_GLYCEROPHOSPHOLIPID_METABOLISM
lypla2,chkb,,P-X-S,-0.15075,4,1,KEGG_GLYCEROPHOSPHOLIPID_METABOLISM
dmgdh,tha1,,P-X-S,-0.66883,1,9,KEGG_GLYCINE_SERINE_AND_THREONINE_METABOLISM
alas1,tha1,cpd:C00037,S-S,-0.613877,1,9,KEGG_GLYCINE_SERINE_AND_THREONINE_METABOLISM
tha1,alas1,cpd:C00037,P-S,-0.613877,9,1,KEGG_GLYCINE_SERINE_AND_THREONINE_METABOLISM
alas1,gldc,cpd:C00037,S-S,-0.497144,1,8,KEGG_GLYCINE_SERINE_AND_THREONINE_METABOLISM
dmgdh,gldc,,P-X-S,-0.483098,1,8,KEGG_GLYCINE_SERINE_AND_THREONINE_METABOLISM
sardh,tha1,cpd:C00037,P-P,-0.43719,1,9,KEGG_GLYCINE_SERINE_AND_THREONINE_METABOLISM
tha1,sardh,,P-X-S,-0.43719,9,1,KEGG_GLYCINE_SERINE_AND_THREONINE_METABOLISM
sardh,gldc,cpd:C00037,P-S,-0.363833,1,8,KEGG_GLYCINE_SERINE_AND_THREONINE_METABOLISM
dmgdh,agxt,,P-X-S,-0.339606,1,9,KEGG_GLYCINE_SERINE_AND_THREONINE_METABOLISM
agxt,alas1,cpd:C00037,S-S,-0.311703,9,1,KEGG_GLYCINE_SERINE_AND_THREONINE_METABOLISM
agxt,sardh,cpd:C00037,P-P,-0.221989,9,1,KEGG_GLYCINE_SERINE_AND_THREONINE_METABOLISM
sardh,agxt,cpd:C00037,P-S,-0.221989,1,9,KEGG_GLYCINE_SERINE_AND_THREONINE_METABOLISM
dmgdh,gnmt,cpd:C00213,P-P,-0.176114,1,9,KEGG_GLYCINE_SERINE_AND_THREONINE_METABOLISM
bhmt,dmgdh,cpd:C01026,P-S,-0.162995,9,1,KEGG_GLYCINE_SERINE_AND_THREONINE_METABOLISM
alas1,gnmt,cpd:C00037,S-S,-0.161644,1,9,KEGG_GLYCINE_SERINE_AND_THREONINE_METABOLISM
gnmt,alas1,,P-X-S,-0.161644,9,1,KEGG_GLYCINE_SERINE_AND_THREONINE_METABOLISM
aldh1b1,dlat,,P-X-S,-1.312425,9,1,KEGG_GLYCOLYSIS_GLUCONEOGENESIS
g6pc3,gpi1,cpd:C00668,S-S,-0.730185,1,8,KEGG_GLYCOLYSIS_GLUCONEOGENESIS
adh1,aldh1b1,cpd:C00084,P-S,-0.726701,1,9,KEGG_GLYCOLYSIS_GLUCONEOGENESIS
adpgk,gpi1,cpd:C00668,P-S,-0.199391,2,8,KEGG_GLYCOLYSIS_GLUCONEOGENESIS
adpgk,g6pc,cpd:C00668,P-S,-0.167974,2,7,KEGG_GLYCOLYSIS_GLUCONEOGENESIS
g6pc,adpgk,cpd:C00267,P-S,-0.167974,7,2,KEGG_GLYCOLYSIS_GLUCONEOGENESIS
hexa,st3gal5,gl:G00108,P-P,-0.376954,1,9,KEGG_GLYCOSPHINGOLIPID_BIOSYNTHESIS_GANGLIO_SERIES
st3gal5,hexa,,P-X-S,-0.376954,9,1,KEGG_GLYCOSPHINGOLIPID_BIOSYNTHESIS_GANGLIO_SERIES
pigp,pigyl,cpd:C01194,S-S,-0.507456,1,7,KEGG_GLYCOSYLPHOSPHATIDYLINOSITOL_GPI_ANCHOR_BIOSYNTHESIS
agxt,hyi,cpd:C00168,P-S,-0.255474,9,2,KEGG_GLYOXYLATE_AND_DICARBOXYLATE_METABOLISM
pgp,agxt,,P-X-S,-0.203214,2,9,KEGG_GLYOXYLATE_AND_DICARBOXYLATE_METABOLISM
cs,mdh1,cpd:C00036,P-P,-0.193609,2,8,KEGG_GLYOXYLATE_AND_DICARBOXYLATE_METABOLISM
pip5k1a,plce1,cpd:C04637,P-S,-0.348135,1,5,KEGG_INOSITOL_PHOSPHATE_METABOLISM
pip5k1a,plcg1,cpd:C04637,P-S,-0.298312,1,4,KEGG_INOSITOL_PHOSPHATE_METABOLISM
plcb1,plcg1,cpd:C04637,S-S,-0.266203,1,4,KEGG_INOSITOL_PHOSPHATE_METABOLISM
mtmr6,pip5k1a,,P-X-S,-0.221351,2,1,KEGG_INOSITOL_PHOSPHATE_METABOLISM
plce1,ipmk,cpd:C01245,P-S,-0.205608,5,1,KEGG_INOSITOL_PHOSPHATE_METABOLISM
plcg1,ipmk,cpd:C01245,P-S,-0.189942,4,1,KEGG_INOSITOL_PHOSPHATE_METABOLISM
impa2,impad1,cpd:C03546,S-S,-0.18984,9,1,KEGG_INOSITOL_PHOSPHATE_METABOLISM
mtmr3,pik3c3,cpd:C01194,P-S,-0.181092,1,4,KEGG_INOSITOL_PHOSPHATE_METABOLISM
pik3c3,mtmr3,cpd:C04549,P-S,-0.181092,4,1,KEGG_INOSITOL_PHOSPHATE_METABOLISM
plcb1,plce1,cpd:C04637,S-S,-0.178095,1,5,KEGG_INOSITOL_PHOSPHATE_METABOLISM
pi4k2b,pik3c3,cpd:C01194,S-S,-0.17655,1,4,KEGG_INOSITOL_PHOSPHATE_METABOLISM
pik3c3,pi4k2b,,P-X-S,-0.17655,4,1,KEGG_INOSITOL_PHOSPHATE_METABOLISM
mtmr6,pik3c3,cpd:C01194,P-S,-0.174477,2,4,KEGG_INOSITOL_PHOSPHATE_METABOLISM
pik3c3,mtmr6,cpd:C04549,P-S,-0.174477,4,2,KEGG_INOSITOL_PHOSPHATE_METABOLISM
impa1,impa2,cpd:C03546,S-S,-0.148088,5,9,KEGG_INOSITOL_PHOSPHATE_METABOLISM
pla2g12b,cyp1a2,cpd:C01595,P-S,-1.795291,8,1,KEGG_LINOLEIC_ACID_METABOLISM
pla2g12b,cyp3a11,cpd:C01595,P-S,-0.725125,8,1,KEGG_LINOLEIC_ACID_METABOLISM
cyp1a2,cyp2j5,cpd:C01595,S-S,-0.630586,1,9,KEGG_LINOLEIC_ACID_METABOLISM
pla2g6,cyp1a2,cpd:C01595,P-S,-0.42849,2,1,KEGG_LINOLEIC_ACID_METABOLISM
cyp2c37,cyp3a25,cpd:C01595,S-S,-0.348724,1,2,KEGG_LINOLEIC_ACID_METABOLISM
cyp2c40,cyp3a25,cpd:C01595,S-S,-0.279381,1,2,KEGG_LINOLEIC_ACID_METABOLISM
cyp2j5,cyp3a11,cpd:C01595,S-S,-0.272744,9,1,KEGG_LINOLEIC_ACID_METABOLISM
cyp1a2,cyp3a25,cpd:C01595,S-S,-0.213478,1,2,KEGG_LINOLEIC_ACID_METABOLISM
pla2g6,cyp3a11,cpd:C01595,P-S,-0.157922,2,1,KEGG_LINOLEIC_ACID_METABOLISM
setd7,setdb1,cpd:C05544,S-S,-1.457766,7,3,KEGG_LYSINE_DEGRADATION
setdb1,setd7,cpd:C05544,P-S,-1.457766,3,7,KEGG_LYSINE_DEGRADATION
setd1a,setd7,cpd:C05544,S-S,-1.047608,1,7,KEGG_LYSINE_DEGRADATION
setd7,setd1a,cpd:C05544,P-S,-1.047608,7,1,KEGG_LYSINE_DEGRADATION
ehmt1,setd7,cpd:C05544,S-S,-0.968426,1,7,KEGG_LYSINE_DEGRADATION
setd7,ehmt1,cpd:C05544,P-S,-0.968426,7,1,KEGG_LYSINE_DEGRADATION
ehmt2,setd7,cpd:C05544,S-S,-0.81687,1,7,KEGG_LYSINE_DEGRADATION
setd7,ehmt2,cpd:C05544,P-S,-0.81687,7,1,KEGG_LYSINE_DEGRADATION
setd7,suv420h1,cpd:C05544,S-S,-0.686304,7,2,KEGG_LYSINE_DEGRADATION
suv420h1,setd7,cpd:C05544,P-S,-0.686304,2,7,KEGG_LYSINE_DEGRADATION
setd7,whsc1l1,cpd:C05544,S-S,-0.579923,7,1,KEGG_LYSINE_DEGRADATION
whsc1l1,setd7,cpd:C05544,P-S,-0.579923,1,7,KEGG_LYSINE_DEGRADATION
setd7,setdb2,cpd:C05544,S-S,-0.493613,7,1,KEGG_LYSINE_DEGRADATION
setdb2,setd7,cpd:C05544,P-S,-0.493613,1,7,KEGG_LYSINE_DEGRADATION
setd2,setd7,cpd:C05544,S-S,-0.368842,3,7,KEGG_LYSINE_DEGRADATION
setd7,setd2,cpd:C05544,P-S,-0.368842,7,3,KEGG_LYSINE_DEGRADATION
setdb1,setdb2,cpd:C05544,S-S,-0.3328,3,1,KEGG_LYSINE_DEGRADATION
setdb2,setdb1,cpd:C05544,P-S,-0.3328,1,3,KEGG_LYSINE_DEGRADATION
ehmt2,setdb1,cpd:C05544,S-S,-0.287426,1,3,KEGG_LYSINE_DEGRADATION
setdb1,ehmt2,cpd:C05544,P-S,-0.287426,3,1,KEGG_LYSINE_DEGRADATION
ehmt1,setdb1,cpd:C05544,S-S,-0.269574,1,3,KEGG_LYSINE_DEGRADATION
setdb1,ehmt1,cpd:C05544,P-S,-0.269574,3,1,KEGG_LYSINE_DEGRADATION
ehmt2,suv420h1,cpd:C05544,S-S,-0.259317,1,2,KEGG_LYSINE_DEGRADATION
suv420h1,ehmt2,cpd:C05544,P-S,-0.259317,2,1,KEGG_LYSINE_DEGRADATION
setd1a,setdb1,cpd:C05544,S-S,-0.165217,1,3,KEGG_LYSINE_DEGRADATION
setdb1,setd1a,cpd:C05544,P-S,-0.165217,3,1,KEGG_LYSINE_DEGRADATION
ehmt1,suv420h1,cpd:C05544,S-S,-0.158806,1,2,KEGG_LYSINE_DEGRADATION
suv420h1,ehmt1,cpd:C05544,P-S,-0.158806,2,1,KEGG_LYSINE_DEGRADATION
cyp2f2,gstm2,cpd:C14786,P-S,-7.060408,9,1,KEGG_METABOLISM_OF_XENOBIOTICS_BY_CYTOCHROME_P450
cyp2e1,cyp2f2,cpd:C14786,P-P,-5.387687,1,9,KEGG_METABOLISM_OF_XENOBIOTICS_BY_CYTOCHROME_P450
cyp2f2,gstm6,cpd:C14786,P-S,-3.511372,9,1,KEGG_METABOLISM_OF_XENOBIOTICS_BY_CYTOCHROME_P450
gstp1,gstm2,cpd:C14865,P-S,-3.134032,8,1,KEGG_METABOLISM_OF_XENOBIOTICS_BY_CYTOCHROME_P450
cyp2f2,gstm3,cpd:C14786,P-S,-2.916305,9,1,KEGG_METABOLISM_OF_XENOBIOTICS_BY_CYTOCHROME_P450
gstm2,gsta2,cpd:C14865,P-S,-2.860315,1,8,KEGG_METABOLISM_OF_XENOBIOTICS_BY_CYTOCHROME_P450
cyp1a2,gstp1,cpd:C06790,S-S,-2.821926,1,8,KEGG_METABOLISM_OF_XENOBIOTICS_BY_CYTOCHROME_P450
cyp1a2,gsta2,cpd:C06790,S-S,-2.575468,1,8,KEGG_METABOLISM_OF_XENOBIOTICS_BY_CYTOCHROME_P450
cyp2e1,gstp1,cpd:C06790,S-S,-2.367997,1,8,KEGG_METABOLISM_OF_XENOBIOTICS_BY_CYTOCHROME_P450
cyp2e1,hsd11b1,cpd:C16453,S-S,-2.363433,1,7,KEGG_METABOLISM_OF_XENOBIOTICS_BY_CYTOCHROME_P450
cyp2f2,gstt3,cpd:C14786,P-S,-2.363186,9,1,KEGG_METABOLISM_OF_XENOBIOTICS_BY_CYTOCHROME_P450
cyp2e1,gsta2,cpd:C06790,S-S,-2.161183,1,8,KEGG_METABOLISM_OF_XENOBIOTICS_BY_CYTOCHROME_P450
cyp2f2,gstm1,cpd:C14786,P-S,-1.616353,9,1,KEGG_METABOLISM_OF_XENOBIOTICS_BY_CYTOCHROME_P450
gstp1,gstm6,cpd:C14865,P-S,-1.559969,8,1,KEGG_METABOLISM_OF_XENOBIOTICS_BY_CYTOCHROME_P450
cyp2f2,gstt1,cpd:C14786,P-S,-1.450634,9,1,KEGG_METABOLISM_OF_XENOBIOTICS_BY_CYTOCHROME_P450
gstm6,gsta2,cpd:C14865,P-S,-1.423726,1,8,KEGG_METABOLISM_OF_XENOBIOTICS_BY_CYTOCHROME_P450
cyp2f2,mgst1,cpd:C14786,P-S,-1.373291,9,1,KEGG_METABOLISM_OF_XENOBIOTICS_BY_CYTOCHROME_P450
gstp1,gstm3,cpd:C14865,P-S,-1.325539,8,1,KEGG_METABOLISM_OF_XENOBIOTICS_BY_CYTOCHROME_P450
cyp2f2,gsta3,cpd:C14786,P-S,-1.237809,9,1,KEGG_METABOLISM_OF_XENOBIOTICS_BY_CYTOCHROME_P450
gstm3,gsta2,cpd:C14865,P-S,-1.209771,1,8,KEGG_METABOLISM_OF_XENOBIOTICS_BY_CYTOCHROME_P450
gstt3,gstp1,cpd:C14865,P-S,-1.114133,1,8,KEGG_METABOLISM_OF_XENOBIOTICS_BY_CYTOCHROME_P450
gstt3,gsta2,cpd:C14865,P-S,-1.016828,1,8,KEGG_METABOLISM_OF_XENOBIOTICS_BY_CYTOCHROME_P450
cyp2f2,mgst3,cpd:C14786,P-S,-0.712228,9,2,KEGG_METABOLISM_OF_XENOBIOTICS_BY_CYTOCHROME_P450
gstp1,gstm1,cpd:C14865,P-S,-0.711948,8,1,KEGG_METABOLISM_OF_XENOBIOTICS_BY_CYTOCHROME_P450
gstm1,gsta2,cpd:C14865,P-S,-0.649769,1,8,KEGG_METABOLISM_OF_XENOBIOTICS_BY_CYTOCHROME_P450
gsto1,gstm2,cpd:C14865,P-S,-0.649072,9,1,KEGG_METABOLISM_OF_XENOBIOTICS_BY_CYTOCHROME_P450
gstt1,gstp1,cpd:C14865,P-S,-0.638611,1,8,KEGG_METABOLISM_OF_XENOBIOTICS_BY_CYTOCHROME_P450
cyp1a2,gsto1,cpd:C06790,S-S,-0.58759,1,9,KEGG_METABOLISM_OF_XENOBIOTICS_BY_CYTOCHROME_P450
cyp2f2,gstt2,cpd:C14786,P-S,-0.58382,9,1,KEGG_METABOLISM_OF_XENOBIOTICS_BY_CYTOCHROME_P450
gstt1,gsta2,cpd:C14865,P-S,-0.582836,1,8,KEGG_METABOLISM_OF_XENOBIOTICS_BY_CYTOCHROME_P450
mgst1,gstp1,cpd:C14865,P-S,-0.564603,1,8,KEGG_METABOLISM_OF_XENOBIOTICS_BY_CYTOCHROME_P450
gstp1,gsta3,cpd:C14865,P-S,-0.541203,8,1,KEGG_METABOLISM_OF_XENOBIOTICS_BY_CYTOCHROME_P450
gstm2,gstk1,cpd:C14865,P-S,-0.538159,1,7,KEGG_METABOLISM_OF_XENOBIOTICS_BY_CYTOCHROME_P450
mgst1,gsta2,cpd:C14865,P-S,-0.515292,1,8,KEGG_METABOLISM_OF_XENOBIOTICS_BY_CYTOCHROME_P450
cyp2e1,gsto1,cpd:C06790,S-S,-0.495297,1,9,KEGG_METABOLISM_OF_XENOBIOTICS_BY_CYTOCHROME_P450
gsta3,gsta2,cpd:C14865,P-S,-0.493936,1,8,KEGG_METABOLISM_OF_XENOBIOTICS_BY_CYTOCHROME_P450
cyp1a2,gstk1,cpd:C06790,S-S,-0.490509,1,7,KEGG_METABOLISM_OF_XENOBIOTICS_BY_CYTOCHROME_P450
cyp2e1,gstk1,cpd:C06790,S-S,-0.410241,1,7,KEGG_METABOLISM_OF_XENOBIOTICS_BY_CYTOCHROME_P450
gsto1,gstm6,cpd:C14865,P-S,-0.322805,9,1,KEGG_METABOLISM_OF_XENOBIOTICS_BY_CYTOCHROME_P450
gstm6,gstk1,cpd:C14865,P-S,-0.27436,1,7,KEGG_METABOLISM_OF_XENOBIOTICS_BY_CYTOCHROME_P450
gsto1,gstm3,cpd:C14865,P-S,-0.2681,9,1,KEGG_METABOLISM_OF_XENOBIOTICS_BY_CYTOCHROME_P450
mgst3,gsta2,cpd:C14865,P-S,-0.247563,2,8,KEGG_METABOLISM_OF_XENOBIOTICS_BY_CYTOCHROME_P450
gstm3,gstk1,cpd:C14865,P-S,-0.236755,1,7,KEGG_METABOLISM_OF_XENOBIOTICS_BY_CYTOCHROME_P450
gstt2,gstp1,cpd:C14865,P-S,-0.234017,1,8,KEGG_METABOLISM_OF_XENOBIOTICS_BY_CYTOCHROME_P450
gstt3,gsto1,cpd:C14865,P-S,-0.217251,1,9,KEGG_METABOLISM_OF_XENOBIOTICS_BY_CYTOCHROME_P450
gstt2,gsta2,cpd:C14865,P-S,-0.213579,1,8,KEGG_METABOLISM_OF_XENOBIOTICS_BY_CYTOCHROME_P450
gstt3,gstk1,cpd:C14865,P-S,-0.192616,1,7,KEGG_METABOLISM_OF_XENOBIOTICS_BY_CYTOCHROME_P450
mgst3,gstp1,cpd:C14865,P-S,-0.180257,2,8,KEGG_METABOLISM_OF_XENOBIOTICS_BY_CYTOCHROME_P450
gsto1,gstm1,cpd:C14865,P-S,-0.148593,9,1,KEGG_METABOLISM_OF_XENOBIOTICS_BY_CYTOCHROME_P450
b4galt3,st6gal1,gl:G00017,P-S,-0.299486,3,6,KEGG_N_GLYCAN_BIOSYNTHESIS
nadsyn1,nt5e,,P-X-S,-5.021783,7,1,KEGG_NICOTINATE_AND_NICOTINAMIDE_METABOLISM
nt5e,nnmt,,P-X-S,-2.760873,1,9,KEGG_NICOTINATE_AND_NICOTINAMIDE_METABOLISM
nt5c2,nt5e,cpd:C00455,S-S,-0.716215,2,1,KEGG_NICOTINATE_AND_NICOTINAMIDE_METABOLISM
nnmt,aox1,cpd:C02918,P-S,-0.440777,9,2,KEGG_NICOTINATE_AND_NICOTINAMIDE_METABOLISM
enpp1,nadsyn1,cpd:C00857,S-S,-0.408795,2,7,KEGG_NICOTINATE_AND_NICOTINAMIDE_METABOLISM
nadsyn1,enpp1,cpd:C00003,P-S,-0.408795,7,2,KEGG_NICOTINATE_AND_NICOTINAMIDE_METABOLISM
pnp,nnmt,cpd:C00153,P-S,-0.397019,1,9,KEGG_NICOTINATE_AND_NICOTINAMIDE_METABOLISM
pnp,aox3,,P-X-S,-0.304174,1,7,KEGG_NICOTINATE_AND_NICOTINAMIDE_METABOLISM
nt5c2,nnmt,,P-X-S,-0.268564,2,9,KEGG_NICOTINATE_AND_NICOTINAMIDE_METABOLISM
enpp1,nt5e,cpd:C00455,P-S,-0.244609,2,1,KEGG_NICOTINATE_AND_NICOTINAMIDE_METABOLISM
enpp3,nadsyn1,cpd:C00857,S-S,-0.182678,1,7,KEGG_NICOTINATE_AND_NICOTINAMIDE_METABOLISM
nadsyn1,enpp3,cpd:C00003,P-S,-0.182678,7,1,KEGG_NICOTINATE_AND_NICOTINAMIDE_METABOLISM
nadsyn1,nt5c2,,P-X-S,-0.177235,7,2,KEGG_NICOTINATE_AND_NICOTINAMIDE_METABOLISM
cps1,glul,cpd:C00014,S-S,-4.968771,4,1,KEGG_NITROGEN_METABOLISM
car14,car3,cpd:C00011,S-S,-0.872493,9,1,KEGG_NITROGEN_METABOLISM
car1,car14,cpd:C00011,S-S,-0.634131,3,9,KEGG_NITROGEN_METABOLISM
gart,mthfd2l,cpd:C00445,S-S,-1.021216,1,6,KEGG_ONE_CARBON_POOL_BY_FOLATE
mthfd2l,gart,cpd:C00445,P-S,-1.021216,6,1,KEGG_ONE_CARBON_POOL_BY_FOLATE
ftcd,gart,cpd:C00445,S-S,-0.598933,9,1,KEGG_ONE_CARBON_POOL_BY_FOLATE
aldh1l1,gart,cpd:C00234,S-S,-0.264525,9,1,KEGG_ONE_CARBON_POOL_BY_FOLATE
ftcd,mthfd2l,cpd:C00445,S-S,-0.162629,9,6,KEGG_ONE_CARBON_POOL_BY_FOLATE
mthfd2l,ftcd,cpd:C00445,P-S,-0.162629,6,9,KEGG_ONE_CARBON_POOL_BY_FOLATE
gpi1,h6pd,cpd:C01172,P-S,-0.148242,8,1,KEGG_PENTOSE_PHOSPHATE_PATHWAY
hpd,tat,cpd:C00166,S-S,-0.277486,1,9,KEGG_PHENYLALANINE_METABOLISM
got1,hpd,cpd:C00166,S-S,-0.274355,8,1,KEGG_PHENYLALANINE_METABOLISM
cp,fech,cpd:C14818,S-S,-0.332351,6,1,KEGG_PORPHYRIN_AND_CHLOROPHYLL_METABOLISM
fech,fxn,cpd:C14818,S-S,-0.30781,1,9,KEGG_PORPHYRIN_AND_CHLOROPHYLL_METABOLISM
cp,fxn,cpd:C14818,S-S,-0.20047,6,9,KEGG_PORPHYRIN_AND_CHLOROPHYLL_METABOLISM
cyp39a1,hsd3b7,cpd:C15518,P-S,-0.59118,7,1,KEGG_PRIMARY_BILE_ACID_BIOSYNTHESIS
cyp7a1,cyp8b1,,P-X-S,-0.343048,1,3,KEGG_PRIMARY_BILE_ACID_BIOSYNTHESIS
cyp39a1,cyp8b1,,P-X-S,-0.220823,7,3,KEGG_PRIMARY_BILE_ACID_BIOSYNTHESIS
acot8,baat,cpd:C05337,S-S,-0.15206,1,4,KEGG_PRIMARY_BILE_ACID_BIOSYNTHESIS
hadha,hibch,cpd:C05668,P-S,-0.263797,1,9,KEGG_PROPANOATE_METABOLISM
npr2,polr1b,cpd:C00044,S-S,-4.352507,1,5,KEGG_PURINE_METABOLISM
npr2,polr2i,cpd:C00044,S-S,-2.390304,1,5,KEGG_PURINE_METABOLISM
nudt16,nt5e,cpd:C00130,P-S,-1.484576,7,1,KEGG_PURINE_METABOLISM
adcy6,polr1b,cpd:C00002,S-S,-1.335419,1,5,KEGG_PURINE_METABOLISM
ak4,polr1b,,P-X-S,-1.077553,1,5,KEGG_PURINE_METABOLISM
npr2,nt5c2,,P-X-S,-0.750334,1,2,KEGG_PURINE_METABOLISM
adcy6,polr2i,cpd:C00002,S-S,-0.733383,1,5,KEGG_PURINE_METABOLISM
nt5e,nt5c2,,P-X-S,-0.716215,1,2,KEGG_PURINE_METABOLISM
ak4,polr2i,,P-X-S,-0.591769,1,5,KEGG_PURINE_METABOLISM
gda,uox,,P-X-S,-0.565038,1,8,KEGG_PURINE_METABOLISM
npr2,polr2j,cpd:C00044,S-S,-0.506713,1,5,KEGG_PURINE_METABOLISM
nudt16,dguok,,P-X-S,-0.495778,7,1,KEGG_PURINE_METABOLISM
nme2,npr2,cpd:C00044,P-S,-0.465649,9,1,KEGG_PURINE_METABOLISM
xdh,uox,cpd:C00366,P-S,-0.441981,1,8,KEGG_PURINE_METABOLISM
cant1,nudt16,cpd:C00130,P-P,-0.415545,1,7,KEGG_PURINE_METABOLISM
ak4,nt5c2,cpd:C00020,S-S,-0.363034,1,2,KEGG_PURINE_METABOLISM
nt5c2,ak4,,P-X-S,-0.363034,2,1,KEGG_PURINE_METABOLISM
dguok,nt5c2,cpd:C00362,P-S,-0.356074,1,2,KEGG_PURINE_METABOLISM
nt5c2,dguok,cpd:C00330,P-S,-0.356074,2,1,KEGG_PURINE_METABOLISM
pnp,uox,,P-X-S,-0.349571,1,8,KEGG_PURINE_METABOLISM
entpd5,nudt16,cpd:C00130,P-P,-0.336018,1,7,KEGG_PURINE_METABOLISM
guk1,npr2,,P-X-S,-0.299023,3,1,KEGG_PURINE_METABOLISM
npr2,guk1,,P-X-S,-0.299023,1,3,KEGG_PURINE_METABOLISM
nudt9,prps1l3,cpd:C00117,P-S,-0.29333,2,1,KEGG_PURINE_METABOLISM
polr1b,polr1c,cpd:C00046,P-P,-0.286643,5,1,KEGG_PURINE_METABOLISM
gart,paics,cpd:C03373,P-P,-0.283041,1,9,KEGG_PURINE_METABOLISM
adcy6,nt5c2,,P-X-S,-0.27072,1,2,KEGG_PURINE_METABOLISM
guk1,nt5e,cpd:C00144,S-S,-0.249954,3,1,KEGG_PURINE_METABOLISM
nt5e,guk1,,P-X-S,-0.249954,1,3,KEGG_PURINE_METABOLISM
adss,nt5c2,cpd:C00130,S-S,-0.191679,1,2,KEGG_PURINE_METABOLISM
nudt16,pnp,,P-X-S,-0.188372,7,1,KEGG_PURINE_METABOLISM
cant1,nt5c2,cpd:C00130,P-S,-0.180093,1,2,KEGG_PURINE_METABOLISM
nudt16,adssl1,cpd:C00130,P-S,-0.172912,7,1,KEGG_PURINE_METABOLISM
ak3,npr2,,P-X-S,-0.164431,7,1,KEGG_PURINE_METABOLISM
polr1c,polr2i,cpd:C00046,P-P,-0.157418,1,5,KEGG_PURINE_METABOLISM
adcy6,polr2j,cpd:C00002,S-S,-0.155468,1,5,KEGG_PURINE_METABOLISM
dguok,nme2,,P-X-S,-0.152298,1,9,KEGG_PURINE_METABOLISM
ak3,nt5e,cpd:C00020,S-S,-0.149389,7,1,KEGG_PURINE_METABOLISM
nt5e,ak3,,P-X-S,-0.149389,1,7,KEGG_PURINE_METABOLISM
nt5e,uckl1,cpd:C00299,P-S,-3.151023,1,5,KEGG_PYRIMIDINE_METABOLISM
uckl1,nt5e,cpd:C00105,P-S,-3.151023,5,1,KEGG_PYRIMIDINE_METABOLISM
nt5e,upp2,cpd:C00299,P-S,-0.963971,1,2,KEGG_PYRIMIDINE_METABOLISM
cant1,uckl1,cpd:C00105,P-P,-0.919848,1,5,KEGG_PYRIMIDINE_METABOLISM
uckl1,cant1,,P-X-S,-0.919848,5,1,KEGG_PYRIMIDINE_METABOLISM
dtymk,nt5e,cpd:C00365,S-S,-0.788733,3,1,KEGG_PYRIMIDINE_METABOLISM
nt5e,dtymk,,P-X-S,-0.788733,1,3,KEGG_PYRIMIDINE_METABOLISM
entpd5,uckl1,cpd:C00105,P-P,-0.694314,1,5,KEGG_PYRIMIDINE_METABOLISM
uckl1,entpd5,,P-X-S,-0.694314,5,1,KEGG_PYRIMIDINE_METABOLISM
cda,nt5e,cpd:C00299,P-P,-0.414452,4,1,KEGG_PYRIMIDINE_METABOLISM
nt5e,cda,cpd:C00475,P-S,-0.414452,1,4,KEGG_PYRIMIDINE_METABOLISM
uckl1,uck1,,P-X-S,-0.403572,5,1,KEGG_PYRIMIDINE_METABOLISM
tk2,uckl1,,P-X-S,-0.39207,1,5,KEGG_PYRIMIDINE_METABOLISM
uckl1,tk2,,P-X-S,-0.39207,5,1,KEGG_PYRIMIDINE_METABOLISM
uckl1,pnp,,P-X-S,-0.360967,5,1,KEGG_PYRIMIDINE_METABOLISM
dpyd,pnp,cpd:C00106,P-P,-0.357783,9,1,KEGG_PYRIMIDINE_METABOLISM
cant1,upp2,,P-X-S,-0.242392,1,2,KEGG_PYRIMIDINE_METABOLISM
nt5c2,uckl1,cpd:C00299,P-S,-0.143732,2,5,KEGG_PYRIMIDINE_METABOLISM
uckl1,nt5c2,cpd:C00105,P-S,-0.143732,5,2,KEGG_PYRIMIDINE_METABOLISM
acyp1,aldh1b1,cpd:C00033,P-P,-3.454701,1,9,KEGG_PYRUVATE_METABOLISM
aldh1b1,acacb,,P-X-S,-0.676608,9,1,KEGG_PYRUVATE_METABOLISM
ldha,ldhd,cpd:C00022,P-P,-0.355769,7,1,KEGG_PYRUVATE_METABOLISM
aldh1b1,acat1,,P-X-S,-0.282736,9,3,KEGG_PYRUVATE_METABOLISM
acyp1,acat1,,P-X-S,-0.190059,1,3,KEGG_PYRUVATE_METABOLISM
mdh1,me1,cpd:C00149,S-S,-0.158482,8,2,KEGG_PYRUVATE_METABOLISM
hsd17b6,cyp2c37,,P-X-S,-7.387573,9,1,KEGG_RETINOL_METABOLISM
hsd17b6,rdh9,cpd:C00473,S-S,-7.302572,9,1,KEGG_RETINOL_METABOLISM
hsd17b6,cyp2c40,,P-X-S,-6.673761,9,1,KEGG_RETINOL_METABOLISM
hsd17b6,cyp2a5,,P-X-S,-6.434268,9,1,KEGG_RETINOL_METABOLISM
cyp2a4,cyp2c37,cpd:C00777,S-S,-6.090032,9,1,KEGG_RETINOL_METABOLISM
rdh9,cyp2a4,,P-X-S,-6.01996,1,9,KEGG_RETINOL_METABOLISM
hsd17b6,cyp1a2,,P-X-S,-5.545733,9,1,KEGG_RETINOL_METABOLISM
cyp2a4,cyp2c40,cpd:C00777,S-S,-5.501592,9,1,KEGG_RETINOL_METABOLISM
cyp2a4,cyp2a5,cpd:C00777,S-S,-5.304163,9,1,KEGG_RETINOL_METABOLISM
hsd17b6,cyp2c38,,P-X-S,-5.255752,9,1,KEGG_RETINOL_METABOLISM
cyp1a2,cyp2a4,cpd:C00777,S-S,-4.571689,1,9,KEGG_RETINOL_METABOLISM
hsd17b6,cyp2c29,,P-X-S,-4.487181,9,1,KEGG_RETINOL_METABOLISM
cyp2a4,cyp2c38,cpd:C00777,S-S,-4.33264,9,1,KEGG_RETINOL_METABOLISM
cyp2a4,cyp2c29,cpd:C00777,S-S,-3.69906,9,1,KEGG_RETINOL_METABOLISM
hsd17b6,cyp2c50,,P-X-S,-3.678203,9,1,KEGG_RETINOL_METABOLISM
hsd17b6,cyp2c68,,P-X-S,-3.220454,9,1,KEGG_RETINOL_METABOLISM
hsd17b6,cyp2c54,,P-X-S,-3.067934,9,1,KEGG_RETINOL_METABOLISM
cyp2a4,cyp2c50,cpd:C00777,S-S,-3.03217,9,1,KEGG_RETINOL_METABOLISM
cyp2a12,cyp2c37,cpd:C00777,S-S,-2.858159,7,1,KEGG_RETINOL_METABOLISM
rdh9,cyp2a12,,P-X-S,-2.80494,1,7,KEGG_RETINOL_METABOLISM
cyp2a4,cyp2c68,cpd:C00777,S-S,-2.654819,9,1,KEGG_RETINOL_METABOLISM
cyp2a12,cyp2c40,cpd:C00777,S-S,-2.592982,7,1,KEGG_RETINOL_METABOLISM
cyp2a4,cyp2c54,cpd:C00777,S-S,-2.529087,9,1,KEGG_RETINOL_METABOLISM
cyp2a12,cyp2a5,cpd:C00777,S-S,-2.509229,7,1,KEGG_RETINOL_METABOLISM
hsd17b6,cyp4a12a,,P-X-S,-2.484668,9,1,KEGG_RETINOL_METABOLISM
aox3,cyp2c37,cpd:C00777,P-S,-2.479913,7,1,KEGG_RETINOL_METABOLISM
rdh9,aox3,cpd:C00376,P-S,-2.433738,1,7,KEGG_RETINOL_METABOLISM
hsd17b6,cyp3a11,,P-X-S,-2.398669,9,1,KEGG_RETINOL_METABOLISM
aox3,cyp2c40,cpd:C00777,P-S,-2.24983,7,1,KEGG_RETINOL_METABOLISM
hsd17b6,rdh16,cpd:C00473,S-S,-2.182601,9,1,KEGG_RETINOL_METABOLISM
aox3,cyp2a5,cpd:C00777,P-S,-2.177161,7,1,KEGG_RETINOL_METABOLISM
cyp1a2,cyp2a12,cpd:C00777,S-S,-2.133839,1,7,KEGG_RETINOL_METABOLISM
hsd17b6,cyp4a12b,,P-X-S,-2.111641,9,1,KEGG_RETINOL_METABOLISM
cyp2a12,cyp2c38,cpd:C00777,S-S,-2.068784,7,1,KEGG_RETINOL_METABOLISM
cyp2a4,cyp4a12a,cpd:C00777,S-S,-2.048265,9,1,KEGG_RETINOL_METABOLISM
cyp2a4,cyp3a11,cpd:C00777,S-S,-1.97737,9,1,KEGG_RETINOL_METABOLISM
hsd17b6,aldh1a1,cpd:C00376,P-S,-1.971531,9,1,KEGG_RETINOL_METABOLISM
rdh9,retsat,cpd:C00473,S-S,-1.852404,1,7,KEGG_RETINOL_METABOLISM
aox3,cyp1a2,cpd:C00777,P-S,-1.851449,7,1,KEGG_RETINOL_METABOLISM
rdh16,cyp2a4,,P-X-S,-1.799252,1,9,KEGG_RETINOL_METABOLISM
aox3,cyp2c38,cpd:C00777,P-S,-1.795004,7,1,KEGG_RETINOL_METABOLISM
cyp2a4,cyp4a12b,cpd:C00777,S-S,-1.740756,9,1,KEGG_RETINOL_METABOLISM
cyp2a12,cyp2c29,cpd:C00777,S-S,-1.700228,7,1,KEGG_RETINOL_METABOLISM
aldh1a7,cyp2c37,cpd:C00777,P-S,-1.661179,5,1,KEGG_RETINOL_METABOLISM
rdh9,aldh1a7,cpd:C00376,P-S,-1.630179,1,5,KEGG_RETINOL_METABOLISM
aldh1a1,cyp2a4,cpd:C00777,P-S,-1.625254,1,9,KEGG_RETINOL_METABOLISM
hsd17b6,cyp2b10,,P-X-S,-1.557634,9,3,KEGG_RETINOL_METABOLISM
aox3,cyp2c29,cpd:C00777,P-S,-1.475222,7,1,KEGG_RETINOL_METABOLISM
aldh1a7,cyp2c40,cpd:C00777,P-S,-1.472795,5,1,KEGG_RETINOL_METABOLISM
hsd17b6,ugt2b34,,P-X-S,-1.435035,9,1,KEGG_RETINOL_METABOLISM
aldh1a7,cyp2a5,cpd:C00777,P-S,-1.422275,5,1,KEGG_RETINOL_METABOLISM
cyp2a12,cyp2c50,cpd:C00777,S-S,-1.368866,7,1,KEGG_RETINOL_METABOLISM
hsd17b6,ugt2b35,,P-X-S,-1.34744,9,1,KEGG_RETINOL_METABOLISM
cyp2a4,cyp2b10,cpd:C00777,S-S,-1.322567,9,3,KEGG_RETINOL_METABOLISM
cyp2a12,cyp2c54,cpd:C00777,S-S,-1.284427,7,1,KEGG_RETINOL_METABOLISM
aldh1a7,cyp2c38,cpd:C00777,P-S,-1.213918,5,1,KEGG_RETINOL_METABOLISM
aox3,cyp2c50,cpd:C00777,P-S,-1.187712,7,1,KEGG_RETINOL_METABOLISM
cyp2a4,ugt2b34,cpd:C00777,S-S,-1.182988,9,1,KEGG_RETINOL_METABOLISM
cyp2a12,cyp2c68,cpd:C00777,S-S,-1.166745,7,1,KEGG_RETINOL_METABOLISM
aldh1a7,cyp1a2,cpd:C00777,P-S,-1.166373,5,1,KEGG_RETINOL_METABOLISM
hsd17b6,aox1,cpd:C00376,P-S,-1.118527,9,2,KEGG_RETINOL_METABOLISM
aox3,cyp2c54,cpd:C00777,P-S,-1.114448,7,1,KEGG_RETINOL_METABOLISM
hsd17b6,ugt2b1,,P-X-S,-1.112015,9,1,KEGG_RETINOL_METABOLISM
cyp2a4,ugt2b35,cpd:C00777,S-S,-1.110778,9,1,KEGG_RETINOL_METABOLISM
hsd17b6,ugt2b36,,P-X-S,-1.012779,9,1,KEGG_RETINOL_METABOLISM
aox3,cyp2c68,cpd:C00777,P-S,-1.01234,7,1,KEGG_RETINOL_METABOLISM
cyp2a12,cyp4a12a,cpd:C00777,S-S,-0.983467,7,1,KEGG_RETINOL_METABOLISM
dhrs4,cyp2c37,,P-X-S,-0.943923,5,1,KEGG_RETINOL_METABOLISM
aox1,cyp2a4,cpd:C00777,P-S,-0.932267,2,9,KEGG_RETINOL_METABOLISM
dhrs4,rdh9,cpd:C00473,S-S,-0.926309,5,1,KEGG_RETINOL_METABOLISM
cyp2a4,ugt2b1,cpd:C00777,S-S,-0.916702,9,1,KEGG_RETINOL_METABOLISM
aldh1a7,cyp2c29,cpd:C00777,P-S,-0.877935,5,1,KEGG_RETINOL_METABOLISM
aox3,cyp4a12a,cpd:C00777,P-S,-0.853316,7,1,KEGG_RETINOL_METABOLISM
cyp2a12,cyp4a12b,cpd:C00777,S-S,-0.843059,7,1,KEGG_RETINOL_METABOLISM
dhrs4,cyp2c40,,P-X-S,-0.836879,5,1,KEGG_RETINOL_METABOLISM
cyp2a4,ugt2b36,cpd:C00777,S-S,-0.834896,9,1,KEGG_RETINOL_METABOLISM
hsd17b6,ugt1a1,,P-X-S,-0.825122,9,1,KEGG_RETINOL_METABOLISM
hsd17b6,ugt1a10,,P-X-S,-0.825122,9,1,KEGG_RETINOL_METABOLISM
hsd17b6,ugt1a2,,P-X-S,-0.825122,9,1,KEGG_RETINOL_METABOLISM
hsd17b6,ugt1a5,,P-X-S,-0.825122,9,1,KEGG_RETINOL_METABOLISM
hsd17b6,ugt1a6a,,P-X-S,-0.825122,9,1,KEGG_RETINOL_METABOLISM
hsd17b6,ugt1a6b,,P-X-S,-0.825122,9,1,KEGG_RETINOL_METABOLISM
hsd17b6,ugt1a7c,,P-X-S,-0.825122,9,1,KEGG_RETINOL_METABOLISM
hsd17b6,ugt1a9,,P-X-S,-0.825122,9,1,KEGG_RETINOL_METABOLISM
dhrs4,cyp2a5,,P-X-S,-0.808172,5,1,KEGG_RETINOL_METABOLISM
cyp2a12,cyp3a11,cpd:C00777,S-S,-0.802239,7,1,KEGG_RETINOL_METABOLISM
rdh16,cyp2a12,,P-X-S,-0.764947,1,7,KEGG_RETINOL_METABOLISM
aox3,cyp4a12b,cpd:C00777,P-S,-0.73149,7,1,KEGG_RETINOL_METABOLISM
aldh1a1,cyp2a12,cpd:C00777,P-S,-0.729374,1,7,KEGG_RETINOL_METABOLISM
aox3,cyp3a11,cpd:C00777,P-S,-0.696071,7,1,KEGG_RETINOL_METABOLISM
rdh9,aox1,cpd:C00376,P-S,-0.69213,1,2,KEGG_RETINOL_METABOLISM
dhrs4,cyp2c38,,P-X-S,-0.689778,5,1,KEGG_RETINOL_METABOLISM
aldh1a7,cyp2c54,cpd:C00777,P-S,-0.683092,5,1,KEGG_RETINOL_METABOLISM
aldh1a7,cyp2c50,cpd:C00777,P-S,-0.681451,5,1,KEGG_RETINOL_METABOLISM
cyp2a4,ugt1a1,cpd:C00777,S-S,-0.680199,9,1,KEGG_RETINOL_METABOLISM
cyp2a4,ugt1a10,cpd:C00777,S-S,-0.680199,9,1,KEGG_RETINOL_METABOLISM
cyp2a4,ugt1a2,cpd:C00777,S-S,-0.680199,9,1,KEGG_RETINOL_METABOLISM
cyp2a4,ugt1a5,cpd:C00777,S-S,-0.680199,9,1,KEGG_RETINOL_METABOLISM
cyp2a4,ugt1a6a,cpd:C00777,S-S,-0.680199,9,1,KEGG_RETINOL_METABOLISM
cyp2a4,ugt1a6b,cpd:C00777,S-S,-0.680199,9,1,KEGG_RETINOL_METABOLISM
cyp2a4,ugt1a7c,cpd:C00777,S-S,-0.680199,9,1,KEGG_RETINOL_METABOLISM
cyp2a4,ugt1a9,cpd:C00777,S-S,-0.680199,9,1,KEGG_RETINOL_METABOLISM
aox1,cyp2c37,cpd:C00777,P-S,-0.675706,2,1,KEGG_RETINOL_METABOLISM
rdh16,aox3,cpd:C00376,P-S,-0.663715,1,7,KEGG_RETINOL_METABOLISM
dhrs4,cyp1a2,,P-X-S,-0.662762,5,1,KEGG_RETINOL_METABOLISM
aldh1a1,aox3,cpd:C00376,S-S,-0.632849,1,7,KEGG_RETINOL_METABOLISM
aldh1a7,cyp2c68,cpd:C00777,P-S,-0.624402,5,1,KEGG_RETINOL_METABOLISM
aldh1a7,cyp4a12a,cpd:C00777,P-S,-0.611904,5,1,KEGG_RETINOL_METABOLISM
aldh1a7,cyp4a12b,cpd:C00777,P-S,-0.598709,5,1,KEGG_RETINOL_METABOLISM
hsd17b6,cyp3a25,,P-X-S,-0.586356,9,2,KEGG_RETINOL_METABOLISM
aox1,cyp2c40,cpd:C00777,P-S,-0.541344,2,1,KEGG_RETINOL_METABOLISM
cyp2a12,cyp2b10,cpd:C00777,S-S,-0.51377,7,3,KEGG_RETINOL_METABOLISM
rdh16,retsat,cpd:C00473,S-S,-0.505177,1,7,KEGG_RETINOL_METABOLISM
adh1,hsd17b6,cpd:C00473,S-S,-0.502874,1,9,KEGG_RETINOL_METABOLISM
dhrs4,cyp2c29,,P-X-S,-0.498865,5,1,KEGG_RETINOL_METABOLISM
aldh1a7,cyp3a11,cpd:C00777,P-S,-0.491929,5,1,KEGG_RETINOL_METABOLISM
cyp2a4,cyp3a25,cpd:C00777,S-S,-0.488715,9,2,KEGG_RETINOL_METABOLISM
aox3,cyp2b10,cpd:C00777,P-S,-0.482756,7,3,KEGG_RETINOL_METABOLISM
cyp2a12,ugt2b36,cpd:C00777,S-S,-0.478549,7,1,KEGG_RETINOL_METABOLISM
aox1,cyp2a5,cpd:C00777,P-S,-0.473577,2,1,KEGG_RETINOL_METABOLISM
cyp2a12,ugt2b34,cpd:C00777,S-S,-0.415623,7,1,KEGG_RETINOL_METABOLISM
aox3,ugt2b36,cpd:C00777,P-S,-0.415218,7,1,KEGG_RETINOL_METABOLISM
adh1,cyp2a4,,P-X-S,-0.41455,1,9,KEGG_RETINOL_METABOLISM
aox1,cyp1a2,cpd:C00777,P-S,-0.413646,2,1,KEGG_RETINOL_METABOLISM
aldh1a1,aldh1a7,cpd:C00376,S-S,-0.399199,1,5,KEGG_RETINOL_METABOLISM
cyp2a12,ugt2b35,cpd:C00777,S-S,-0.395289,7,1,KEGG_RETINOL_METABOLISM
dhrs4,cyp2c54,,P-X-S,-0.38815,5,1,KEGG_RETINOL_METABOLISM
dhrs4,cyp2c50,,P-X-S,-0.387218,5,1,KEGG_RETINOL_METABOLISM
rdh16,aldh1a7,cpd:C00376,P-S,-0.379977,1,5,KEGG_RETINOL_METABOLISM
aldh1a7,ugt2b36,cpd:C00777,P-S,-0.379961,5,1,KEGG_RETINOL_METABOLISM
aox1,cyp2a12,cpd:C00777,P-S,-0.378659,2,7,KEGG_RETINOL_METABOLISM
aox3,ugt2b34,cpd:C00777,P-S,-0.36062,7,1,KEGG_RETINOL_METABOLISM
rdh9,cyp3a25,,P-X-S,-0.3572,1,2,KEGG_RETINOL_METABOLISM
dhrs4,cyp2c68,,P-X-S,-0.354801,5,1,KEGG_RETINOL_METABOLISM
cyp2a12,ugt1a1,cpd:C00777,S-S,-0.348058,7,1,KEGG_RETINOL_METABOLISM
cyp2a12,ugt1a10,cpd:C00777,S-S,-0.348058,7,1,KEGG_RETINOL_METABOLISM
cyp2a12,ugt1a2,cpd:C00777,S-S,-0.348058,7,1,KEGG_RETINOL_METABOLISM
cyp2a12,ugt1a5,cpd:C00777,S-S,-0.348058,7,1,KEGG_RETINOL_METABOLISM
cyp2a12,ugt1a6a,cpd:C00777,S-S,-0.348058,7,1,KEGG_RETINOL_METABOLISM
cyp2a12,ugt1a6b,cpd:C00777,S-S,-0.348058,7,1,KEGG_RETINOL_METABOLISM
cyp2a12,ugt1a7c,cpd:C00777,S-S,-0.348058,7,1,KEGG_RETINOL_METABOLISM
cyp2a12,ugt1a9,cpd:C00777,S-S,-0.348058,7,1,KEGG_RETINOL_METABOLISM
dhrs4,cyp4a12a,,P-X-S,-0.347699,5,1,KEGG_RETINOL_METABOLISM
aox3,ugt2b35,cpd:C00777,P-S,-0.342977,7,1,KEGG_RETINOL_METABOLISM
dhrs4,cyp4a12b,,P-X-S,-0.340202,5,1,KEGG_RETINOL_METABOLISM
cyp2a12,ugt2b1,cpd:C00777,S-S,-0.327414,7,1,KEGG_RETINOL_METABOLISM
aldh1a7,cyp2b10,cpd:C00777,P-S,-0.306623,5,3,KEGG_RETINOL_METABOLISM
aox3,ugt1a1,cpd:C00777,P-S,-0.301997,7,1,KEGG_RETINOL_METABOLISM
aox3,ugt1a10,cpd:C00777,P-S,-0.301997,7,1,KEGG_RETINOL_METABOLISM
aox3,ugt1a2,cpd:C00777,P-S,-0.301997,7,1,KEGG_RETINOL_METABOLISM
aox3,ugt1a5,cpd:C00777,P-S,-0.301997,7,1,KEGG_RETINOL_METABOLISM
aox3,ugt1a6a,cpd:C00777,P-S,-0.301997,7,1,KEGG_RETINOL_METABOLISM
aox3,ugt1a6b,cpd:C00777,P-S,-0.301997,7,1,KEGG_RETINOL_METABOLISM
aox3,ugt1a7c,cpd:C00777,P-S,-0.301997,7,1,KEGG_RETINOL_METABOLISM
aox3,ugt1a9,cpd:C00777,P-S,-0.301997,7,1,KEGG_RETINOL_METABOLISM
aox3,ugt2b1,cpd:C00777,P-S,-0.284085,7,1,KEGG_RETINOL_METABOLISM
dhrs4,cyp3a11,,P-X-S,-0.279527,5,1,KEGG_RETINOL_METABOLISM
aldh1a7,ugt2b35,cpd:C00777,P-S,-0.271809,5,1,KEGG_RETINOL_METABOLISM
aox1,cyp2c38,cpd:C00777,P-S,-0.264961,2,1,KEGG_RETINOL_METABOLISM
hsd17b6,cyp4a10,,P-X-S,-0.254312,9,2,KEGG_RETINOL_METABOLISM
hsd17b6,cyp4a31,,P-X-S,-0.254312,9,2,KEGG_RETINOL_METABOLISM
hsd17b6,cyp4a32,,P-X-S,-0.254312,9,2,KEGG_RETINOL_METABOLISM
adh1,cyp2a12,,P-X-S,-0.251358,1,7,KEGG_RETINOL_METABOLISM
aldh1a7,ugt2b1,cpd:C00777,P-S,-0.249533,5,1,KEGG_RETINOL_METABOLISM
cyp2a5,cyp3a25,cpd:C00777,S-S,-0.244407,1,2,KEGG_RETINOL_METABOLISM
dhrs4,aldh1a1,cpd:C00376,P-S,-0.226835,5,1,KEGG_RETINOL_METABOLISM
aox1,cyp2c68,cpd:C00777,P-S,-0.226708,2,1,KEGG_RETINOL_METABOLISM
aldh1a7,ugt2b34,cpd:C00777,P-S,-0.226156,5,1,KEGG_RETINOL_METABOLISM
aox1,cyp2c54,cpd:C00777,P-S,-0.22217,2,1,KEGG_RETINOL_METABOLISM
adh1,aox3,cpd:C00376,P-S,-0.218094,1,7,KEGG_RETINOL_METABOLISM
dhrs4,rdh16,cpd:C00473,S-S,-0.215912,5,1,KEGG_RETINOL_METABOLISM
dhrs4,ugt2b36,,P-X-S,-0.215903,5,1,KEGG_RETINOL_METABOLISM
cyp2a4,cyp4a10,cpd:C00777,S-S,-0.211963,9,2,KEGG_RETINOL_METABOLISM
cyp2a4,cyp4a31,cpd:C00777,S-S,-0.211963,9,2,KEGG_RETINOL_METABOLISM
cyp2a4,cyp4a32,cpd:C00777,S-S,-0.211963,9,2,KEGG_RETINOL_METABOLISM
aldh1a7,ugt1a1,cpd:C00777,P-S,-0.20804,5,1,KEGG_RETINOL_METABOLISM
aldh1a7,ugt1a10,cpd:C00777,P-S,-0.20804,5,1,KEGG_RETINOL_METABOLISM
aldh1a7,ugt1a2,cpd:C00777,P-S,-0.20804,5,1,KEGG_RETINOL_METABOLISM
aldh1a7,ugt1a5,cpd:C00777,P-S,-0.20804,5,1,KEGG_RETINOL_METABOLISM
aldh1a7,ugt1a6a,cpd:C00777,P-S,-0.20804,5,1,KEGG_RETINOL_METABOLISM
aldh1a7,ugt1a6b,cpd:C00777,P-S,-0.20804,5,1,KEGG_RETINOL_METABOLISM
aldh1a7,ugt1a7c,cpd:C00777,P-S,-0.20804,5,1,KEGG_RETINOL_METABOLISM
aldh1a7,ugt1a9,cpd:C00777,P-S,-0.20804,5,1,KEGG_RETINOL_METABOLISM
aox1,cyp2c50,cpd:C00777,P-S,-0.178885,2,1,KEGG_RETINOL_METABOLISM
aox1,cyp4a12a,cpd:C00777,P-S,-0.178074,2,1,KEGG_RETINOL_METABOLISM
cyp2a12,cyp3a25,cpd:C00777,S-S,-0.174729,7,2,KEGG_RETINOL_METABOLISM
adh1,retsat,cpd:C00473,S-S,-0.165999,1,7,KEGG_RETINOL_METABOLISM
aox1,cyp4a12b,cpd:C00777,P-S,-0.159567,2,1,KEGG_RETINOL_METABOLISM
dhrs4,ugt2b35,,P-X-S,-0.154449,5,1,KEGG_RETINOL_METABOLISM
aox1,cyp3a11,cpd:C00777,P-S,-0.152451,2,1,KEGG_RETINOL_METABOLISM
aldh1a7,cyp3a25,cpd:C00777,P-S,-0.151896,5,2,KEGG_RETINOL_METABOLISM
aox1,ugt2b36,cpd:C00777,P-S,-0.151438,2,1,KEGG_RETINOL_METABOLISM
flad1,blvrb,cpd:C00016,P-S,-0.322584,2,1,KEGG_RIBOFLAVIN_METABOLISM
cth,txnrd1,cpd:C05703,P-P,-0.301193,8,1,KEGG_SELENOAMINO_ACID_METABOLISM
cth,mars,cpd:C05335,S-S,-0.285553,8,1,KEGG_SELENOAMINO_ACID_METABOLISM
sgpl1,sgpp1,cpd:C06124,S-S,-0.195766,6,1,KEGG_SPHINGOLIPID_METABOLISM
enpp1,pygl,cpd:C00103,P-P,-0.283156,2,9,KEGG_STARCH_AND_SUCROSE_METABOLISM
gys2,ugdh,cpd:C00029,S-S,-0.21226,8,1,KEGG_STARCH_AND_SUCROSE_METABOLISM
agl,pygl,cpd:C00369,S-S,-0.196901,1,9,KEGG_STARCH_AND_SUCROSE_METABOLISM
lipa,soat2,cpd:C00187,P-S,-0.402414,1,9,KEGG_STEROID_BIOSYNTHESIS
soat2,lipa,cpd:C02530,P-S,-0.402414,9,1,KEGG_STEROID_BIOSYNTHESIS
cyp2c37,hsd17b6,,P-X-S,-7.387573,1,9,KEGG_STEROID_HORMONE_BIOSYNTHESIS
cyp2c40,hsd17b6,,P-X-S,-6.673761,1,9,KEGG_STEROID_HORMONE_BIOSYNTHESIS
cyp17a1,cyp2c37,cpd:C01227,P-S,-6.597106,7,1,KEGG_STEROID_HORMONE_BIOSYNTHESIS
cyp2c37,cyp17a1,,P-X-S,-6.597106,1,7,KEGG_STEROID_HORMONE_BIOSYNTHESIS
cyp17a1,cyp2c40,cpd:C01227,P-S,-5.985033,7,1,KEGG_STEROID_HORMONE_BIOSYNTHESIS
cyp2c40,cyp17a1,,P-X-S,-5.985033,1,7,KEGG_STEROID_HORMONE_BIOSYNTHESIS
cyp1a2,hsd17b6,,P-X-S,-5.545733,1,9,KEGG_STEROID_HORMONE_BIOSYNTHESIS
cyp2c38,hsd17b6,,P-X-S,-5.255752,1,9,KEGG_STEROID_HORMONE_BIOSYNTHESIS
cyp17a1,cyp1a2,cpd:C01227,P-S,-4.925256,7,1,KEGG_STEROID_HORMONE_BIOSYNTHESIS
cyp1a2,cyp17a1,,P-X-S,-4.925256,1,7,KEGG_STEROID_HORMONE_BIOSYNTHESIS
cyp17a1,cyp2c38,cpd:C01227,P-S,-4.775098,7,1,KEGG_STEROID_HORMONE_BIOSYNTHESIS
cyp2c38,cyp17a1,,P-X-S,-4.775098,1,7,KEGG_STEROID_HORMONE_BIOSYNTHESIS
cyp2e1,hsd17b6,,P-X-S,-4.674659,1,9,KEGG_STEROID_HORMONE_BIOSYNTHESIS
cyp2c29,hsd17b6,,P-X-S,-4.487181,1,9,KEGG_STEROID_HORMONE_BIOSYNTHESIS
cyp17a1,cyp7a1,cpd:C01227,P-S,-4.269716,7,1,KEGG_STEROID_HORMONE_BIOSYNTHESIS
cyp17a1,cyp2e1,cpd:C01227,P-S,-4.119277,7,1,KEGG_STEROID_HORMONE_BIOSYNTHESIS
cyp2e1,cyp17a1,,P-X-S,-4.119277,1,7,KEGG_STEROID_HORMONE_BIOSYNTHESIS
cyp17a1,cyp2c29,cpd:C01227,P-S,-3.924409,7,1,KEGG_STEROID_HORMONE_BIOSYNTHESIS
cyp2c29,cyp17a1,,P-X-S,-3.924409,1,7,KEGG_STEROID_HORMONE_BIOSYNTHESIS
cyp2c37,hsd11b1,,P-X-S,-3.785086,1,7,KEGG_STEROID_HORMONE_BIOSYNTHESIS
cyp2c50,hsd17b6,,P-X-S,-3.678203,1,9,KEGG_STEROID_HORMONE_BIOSYNTHESIS
hsd17b6,hsd3b4,cpd:C00280,P-P,-3.549531,9,1,KEGG_STEROID_HORMONE_BIOSYNTHESIS
hsd17b6,hsd3b5,cpd:C00280,P-P,-3.549531,9,1,KEGG_STEROID_HORMONE_BIOSYNTHESIS
hsd3b4,hsd17b6,cpd:C00535,P-S,-3.549531,1,9,KEGG_STEROID_HORMONE_BIOSYNTHESIS
hsd3b5,hsd17b6,cpd:C00535,P-S,-3.549531,1,9,KEGG_STEROID_HORMONE_BIOSYNTHESIS
cyp2c40,hsd11b1,,P-X-S,-3.433909,1,7,KEGG_STEROID_HORMONE_BIOSYNTHESIS
cyp2c68,hsd17b6,,P-X-S,-3.220454,1,9,KEGG_STEROID_HORMONE_BIOSYNTHESIS
cyp17a1,cyp2c50,cpd:C01227,P-S,-3.15957,7,1,KEGG_STEROID_HORMONE_BIOSYNTHESIS
cyp2c50,cyp17a1,,P-X-S,-3.15957,1,7,KEGG_STEROID_HORMONE_BIOSYNTHESIS
cyp2c54,hsd17b6,,P-X-S,-3.067934,1,9,KEGG_STEROID_HORMONE_BIOSYNTHESIS
cyp17a1,hsd3b4,cpd:C01953,S-S,-3.002076,7,1,KEGG_STEROID_HORMONE_BIOSYNTHESIS
cyp17a1,hsd3b5,cpd:C01953,S-S,-3.002076,7,1,KEGG_STEROID_HORMONE_BIOSYNTHESIS
hsd3b4,cyp17a1,cpd:C00410,P-S,-3.002076,1,7,KEGG_STEROID_HORMONE_BIOSYNTHESIS
hsd3b5,cyp17a1,cpd:C00410,P-S,-3.002076,1,7,KEGG_STEROID_HORMONE_BIOSYNTHESIS
cyp17a1,cyp2c54,cpd:C01227,P-S,-2.964672,7,1,KEGG_STEROID_HORMONE_BIOSYNTHESIS
cyp2c54,cyp17a1,,P-X-S,-2.964672,1,7,KEGG_STEROID_HORMONE_BIOSYNTHESIS
cyp1a2,hsd11b1,,P-X-S,-2.825863,1,7,KEGG_STEROID_HORMONE_BIOSYNTHESIS
cyp2c38,hsd11b1,,P-X-S,-2.73971,1,7,KEGG_STEROID_HORMONE_BIOSYNTHESIS
cyp17a1,cyp2c68,cpd:C01227,P-S,-2.693042,7,1,KEGG_STEROID_HORMONE_BIOSYNTHESIS
cyp2c68,cyp17a1,,P-X-S,-2.693042,1,7,KEGG_STEROID_HORMONE_BIOSYNTHESIS
cyp3a11,hsd17b6,cpd:C05300,P-P,-2.398669,1,9,KEGG_STEROID_HORMONE_BIOSYNTHESIS
cyp2c29,hsd11b1,,P-X-S,-2.251627,1,7,KEGG_STEROID_HORMONE_BIOSYNTHESIS
cyp17a1,cyp7b1,cpd:C01953,S-S,-1.953346,7,1,KEGG_STEROID_HORMONE_BIOSYNTHESIS
cyp17a1,cyp3a11,cpd:C01227,P-S,-1.851701,7,1,KEGG_STEROID_HORMONE_BIOSYNTHESIS
cyp3a11,cyp17a1,,P-X-S,-1.851701,1,7,KEGG_STEROID_HORMONE_BIOSYNTHESIS
cyp2c50,hsd11b1,,P-X-S,-1.812802,1,7,KEGG_STEROID_HORMONE_BIOSYNTHESIS
hsd3b4,hsd11b1,cpd:C00735,P-S,-1.722439,1,7,KEGG_STEROID_HORMONE_BIOSYNTHESIS
hsd3b5,hsd11b1,cpd:C00735,P-S,-1.722439,1,7,KEGG_STEROID_HORMONE_BIOSYNTHESIS
cyp2c54,hsd11b1,,P-X-S,-1.700979,1,7,KEGG_STEROID_HORMONE_BIOSYNTHESIS
cyp2b10,hsd17b6,,P-X-S,-1.557634,3,9,KEGG_STEROID_HORMONE_BIOSYNTHESIS
cyp2c68,hsd11b1,,P-X-S,-1.545131,1,7,KEGG_STEROID_HORMONE_BIOSYNTHESIS
cyp2c37,srd5a1,,P-X-S,-1.518312,1,5,KEGG_STEROID_HORMONE_BIOSYNTHESIS
cyp17a1,cyp2b10,cpd:C01227,P-S,-1.392487,7,3,KEGG_STEROID_HORMONE_BIOSYNTHESIS
cyp2b10,cyp17a1,,P-X-S,-1.392487,3,7,KEGG_STEROID_HORMONE_BIOSYNTHESIS
cyp2c40,srd5a1,,P-X-S,-1.34613,1,5,KEGG_STEROID_HORMONE_BIOSYNTHESIS
cyp2d9,hsd17b6,,P-X-S,-1.331731,1,9,KEGG_STEROID_HORMONE_BIOSYNTHESIS
cyp17a1,cyp2d9,cpd:C01227,P-S,-1.214172,7,1,KEGG_STEROID_HORMONE_BIOSYNTHESIS
cyp2d9,cyp17a1,,P-X-S,-1.214172,1,7,KEGG_STEROID_HORMONE_BIOSYNTHESIS
cyp2c38,srd5a1,,P-X-S,-1.109517,1,5,KEGG_STEROID_HORMONE_BIOSYNTHESIS
cyp17a1,ugt2b36,,P-X-S,-1.10457,7,1,KEGG_STEROID_HORMONE_BIOSYNTHESIS
cyp2d40,hsd17b6,,P-X-S,-1.100049,1,9,KEGG_STEROID_HORMONE_BIOSYNTHESIS
cyp1a2,srd5a1,,P-X-S,-1.066061,1,5,KEGG_STEROID_HORMONE_BIOSYNTHESIS
cyp3a11,hsd11b1,,P-X-S,-1.062412,1,7,KEGG_STEROID_HORMONE_BIOSYNTHESIS
cyp17a1,cyp2d40,cpd:C01227,P-S,-1.04884,7,1,KEGG_STEROID_HORMONE_BIOSYNTHESIS
cyp2d40,cyp17a1,,P-X-S,-1.04884,1,7,KEGG_STEROID_HORMONE_BIOSYNTHESIS
cyp17a1,ugt2b34,,P-X-S,-0.959327,7,1,KEGG_STEROID_HORMONE_BIOSYNTHESIS
cyp17a1,ugt2b35,,P-X-S,-0.912393,7,1,KEGG_STEROID_HORMONE_BIOSYNTHESIS
cyp2e1,srd5a1,,P-X-S,-0.823807,1,5,KEGG_STEROID_HORMONE_BIOSYNTHESIS
cyp17a1,ugt1a1,,P-X-S,-0.803376,7,1,KEGG_STEROID_HORMONE_BIOSYNTHESIS
cyp17a1,ugt1a10,,P-X-S,-0.803376,7,1,KEGG_STEROID_HORMONE_BIOSYNTHESIS
cyp17a1,ugt1a2,,P-X-S,-0.803376,7,1,KEGG_STEROID_HORMONE_BIOSYNTHESIS
cyp17a1,ugt1a5,,P-X-S,-0.803376,7,1,KEGG_STEROID_HORMONE_BIOSYNTHESIS
cyp17a1,ugt1a6a,,P-X-S,-0.803376,7,1,KEGG_STEROID_HORMONE_BIOSYNTHESIS
cyp17a1,ugt1a6b,,P-X-S,-0.803376,7,1,KEGG_STEROID_HORMONE_BIOSYNTHESIS
cyp17a1,ugt1a7c,,P-X-S,-0.803376,7,1,KEGG_STEROID_HORMONE_BIOSYNTHESIS
cyp17a1,ugt1a9,,P-X-S,-0.803376,7,1,KEGG_STEROID_HORMONE_BIOSYNTHESIS
cyp2c29,srd5a1,,P-X-S,-0.80243,1,5,KEGG_STEROID_HORMONE_BIOSYNTHESIS
cyp17a1,ugt2b1,,P-X-S,-0.755726,7,1,KEGG_STEROID_HORMONE_BIOSYNTHESIS
cyp2d9,hsd11b1,,P-X-S,-0.696631,1,7,KEGG_STEROID_HORMONE_BIOSYNTHESIS
hsd17b12,hsd17b6,cpd:C05284,S-S,-0.683637,1,9,KEGG_STEROID_HORMONE_BIOSYNTHESIS
hsd3b4,srd5a1,cpd:C03205,P-S,-0.681156,1,5,KEGG_STEROID_HORMONE_BIOSYNTHESIS
hsd3b5,srd5a1,cpd:C03205,P-S,-0.681156,1,5,KEGG_STEROID_HORMONE_BIOSYNTHESIS
cyp2b10,hsd11b1,,P-X-S,-0.631735,3,7,KEGG_STEROID_HORMONE_BIOSYNTHESIS
cyp2c54,srd5a1,,P-X-S,-0.624344,1,5,KEGG_STEROID_HORMONE_BIOSYNTHESIS
cyp2c50,srd5a1,,P-X-S,-0.622844,1,5,KEGG_STEROID_HORMONE_BIOSYNTHESIS
cyp2d40,hsd11b1,,P-X-S,-0.601771,1,7,KEGG_STEROID_HORMONE_BIOSYNTHESIS
cyp3a25,hsd17b6,cpd:C05300,P-P,-0.586356,2,9,KEGG_STEROID_HORMONE_BIOSYNTHESIS
cyp2c68,srd5a1,,P-X-S,-0.570701,1,5,KEGG_STEROID_HORMONE_BIOSYNTHESIS
cyp3a11,srd5a1,,P-X-S,-0.449622,1,5,KEGG_STEROID_HORMONE_BIOSYNTHESIS
cyp2d10,hsd17b6,,P-X-S,-0.436999,1,9,KEGG_STEROID_HORMONE_BIOSYNTHESIS
cyp2d11,hsd17b6,,P-X-S,-0.436999,1,9,KEGG_STEROID_HORMONE_BIOSYNTHESIS
cyp17a1,cyp2d10,cpd:C01227,P-S,-0.407118,7,1,KEGG_STEROID_HORMONE_BIOSYNTHESIS
cyp17a1,cyp2d11,cpd:C01227,P-S,-0.407118,7,1,KEGG_STEROID_HORMONE_BIOSYNTHESIS
cyp2d10,cyp17a1,,P-X-S,-0.407118,1,7,KEGG_STEROID_HORMONE_BIOSYNTHESIS
cyp2d11,cyp17a1,,P-X-S,-0.407118,1,7,KEGG_STEROID_HORMONE_BIOSYNTHESIS
cyp17a1,cyp3a25,cpd:C01227,P-S,-0.402029,7,2,KEGG_STEROID_HORMONE_BIOSYNTHESIS
cyp3a25,cyp17a1,,P-X-S,-0.402029,2,7,KEGG_STEROID_HORMONE_BIOSYNTHESIS
srd5a1,ugt2b36,cpd:C00535,S-S,-0.347283,5,1,KEGG_STEROID_HORMONE_BIOSYNTHESIS
hsd17b2,hsd17b6,cpd:C05284,S-S,-0.342517,1,9,KEGG_STEROID_HORMONE_BIOSYNTHESIS
cyp17a1,hsd17b2,cpd:C00280,P-P,-0.280978,7,1,KEGG_STEROID_HORMONE_BIOSYNTHESIS
srd5a1,ugt2b35,cpd:C00535,S-S,-0.248433,5,1,KEGG_STEROID_HORMONE_BIOSYNTHESIS
cyp2d40,srd5a1,,P-X-S,-0.23762,1,5,KEGG_STEROID_HORMONE_BIOSYNTHESIS
cyp2d10,hsd11b1,,P-X-S,-0.233584,1,7,KEGG_STEROID_HORMONE_BIOSYNTHESIS
cyp2d11,hsd11b1,,P-X-S,-0.233584,1,7,KEGG_STEROID_HORMONE_BIOSYNTHESIS
srd5a1,ugt2b1,cpd:C00535,S-S,-0.228072,5,1,KEGG_STEROID_HORMONE_BIOSYNTHESIS
cyp2d9,srd5a1,,P-X-S,-0.213166,1,5,KEGG_STEROID_HORMONE_BIOSYNTHESIS
srd5a1,ugt2b34,cpd:C00535,S-S,-0.206706,5,1,KEGG_STEROID_HORMONE_BIOSYNTHESIS
cyp17a1,cyp2d22,cpd:C01227,P-S,-0.19634,7,2,KEGG_STEROID_HORMONE_BIOSYNTHESIS
cyp2d22,cyp17a1,,P-X-S,-0.19634,2,7,KEGG_STEROID_HORMONE_BIOSYNTHESIS
cyp3a25,hsd11b1,,P-X-S,-0.19524,2,7,KEGG_STEROID_HORMONE_BIOSYNTHESIS
srd5a1,ugt1a1,cpd:C00535,S-S,-0.190148,5,1,KEGG_STEROID_HORMONE_BIOSYNTHESIS
srd5a1,ugt1a10,cpd:C00535,S-S,-0.190148,5,1,KEGG_STEROID_HORMONE_BIOSYNTHESIS
srd5a1,ugt1a2,cpd:C00535,S-S,-0.190148,5,1,KEGG_STEROID_HORMONE_BIOSYNTHESIS
srd5a1,ugt1a5,cpd:C00535,S-S,-0.190148,5,1,KEGG_STEROID_HORMONE_BIOSYNTHESIS
srd5a1,ugt1a6a,cpd:C00535,S-S,-0.190148,5,1,KEGG_STEROID_HORMONE_BIOSYNTHESIS
srd5a1,ugt1a6b,cpd:C00535,S-S,-0.190148,5,1,KEGG_STEROID_HORMONE_BIOSYNTHESIS
srd5a1,ugt1a7c,cpd:C00535,S-S,-0.190148,5,1,KEGG_STEROID_HORMONE_BIOSYNTHESIS
srd5a1,ugt1a9,cpd:C00535,S-S,-0.190148,5,1,KEGG_STEROID_HORMONE_BIOSYNTHESIS
cyp2b10,srd5a1,,P-X-S,-0.159446,3,5,KEGG_STEROID_HORMONE_BIOSYNTHESIS
cyp2d22,hsd17b6,,P-X-S,-0.144784,2,9,KEGG_STEROID_HORMONE_BIOSYNTHESIS
cycs,tst,cpd:C00320,S-S,-0.35656,8,1,KEGG_SULFUR_METABOLISM
ethe1,tst,cpd:C00094,P-P,-0.274111,9,1,KEGG_SULFUR_METABOLISM
aldh1b1,aox1,cpd:C05635,P-P,-1.697122,9,2,KEGG_TRYPTOPHAN_METABOLISM
aldh3a2,aox3,cpd:C05635,P-P,-1.360797,1,7,KEGG_TRYPTOPHAN_METABOLISM
aldh2,aox3,cpd:C05635,P-P,-0.436791,1,7,KEGG_TRYPTOPHAN_METABOLISM
inmt,maob,cpd:C00780,S-S,-0.368608,1,9,KEGG_TRYPTOPHAN_METABOLISM
tat,hpd,cpd:C01179,P-S,-0.277486,9,1,KEGG_TYROSINE_METABOLISM
adh1,maob,cpd:C05577,P-P,-0.16436,1,9,KEGG_TYROSINE_METABOLISM
hadha,aldh1b1,,P-X-S,-1.284604,1,9,KEGG_VALINE_LEUCINE_AND_ISOLEUCINE_DEGRADATION
hibch,aldh3a2,,P-X-S,-1.221353,9,1,KEGG_VALINE_LEUCINE_AND_ISOLEUCINE_DEGRADATION
abat,aldh3a2,cpd:C06002,P-S,-0.749567,9,1,KEGG_VALINE_LEUCINE_AND_ISOLEUCINE_DEGRADATION
hibadh,aldh1b1,cpd:C06002,P-S,-0.594496,1,9,KEGG_VALINE_LEUCINE_AND_ISOLEUCINE_DEGRADATION
hibch,aox1,,P-X-S,-0.54503,9,2,KEGG_VALINE_LEUCINE_AND_ISOLEUCINE_DEGRADATION
hadh,aldh1b1,cpd:C06002,P-S,-0.517279,1,9,KEGG_VALINE_LEUCINE_AND_ISOLEUCINE_DEGRADATION
hibch,aldh2,,P-X-S,-0.386961,9,1,KEGG_VALINE_LEUCINE_AND_ISOLEUCINE_DEGRADATION
hibch,acaa1a,,P-X-S,-0.319004,9,1,KEGG_VALINE_LEUCINE_AND_ISOLEUCINE_DEGRADATION
hibch,acaa1b,,P-X-S,-0.313497,9,2,KEGG_VALINE_LEUCINE_AND_ISOLEUCINE_DEGRADATION
hadha,aox3,,P-X-S,-0.275301,1,7,KEGG_VALINE_LEUCINE_AND_ISOLEUCINE_DEGRADATION
abat,aox1,cpd:C06002,P-S,-0.240958,9,2,KEGG_VALINE_LEUCINE_AND_ISOLEUCINE_DEGRADATION
abat,aldh2,cpd:C06002,P-S,-0.237485,9,1,KEGG_VALINE_LEUCINE_AND_ISOLEUCINE_DEGRADATION
hibadh,aox3,cpd:C06002,P-S,-0.16486,1,7,KEGG_VALINE_LEUCINE_AND_ISOLEUCINE_DEGRADATION
acadsb,hadha,cpd:C03345,P-S,-0.162331,3,1,KEGG_VALINE_LEUCINE_AND_ISOLEUCINE_DEGRADATION
