Pathway,Number of genes,Number of zonated genes,Hypergeometric  pvalue, qvalue,Layer 1,Layer 2,Layer 3,Layer 4,Layer 5,Layer 6,Layer 7,Layer 8,Layer 9,Median peak layer,expressed genes,Zonated genes
KEGG_LINOLEIC_ACID_METABOLISM,5,5,0,0,0.87,0.8,0.73,0.59,0.5,0.45,0.41,0.38,0.36,1,"Cyp1a2, Cyp2e1, Pla2g12a, Pla2g12b, Pla2g6","Cyp1a2, Cyp2e1, Pla2g12a, Pla2g12b, Pla2g6"
KEGG_INTESTINAL_IMMUNE_NETWORK_FOR_IGA_PRODUCTION,5,5,0,0,0.73,0.73,0.73,0.76,0.79,0.86,0.79,0.78,0.79,2,"BC096441;Tnfsf13;Tnfsf12, Cxcl12, IL15ra;Il15ra, Ltbr, Pigr","BC096441;Tnfsf13;Tnfsf12, Cxcl12, IL15ra;Il15ra, Ltbr, Pigr"
KEGG_ASTHMA,0,0,0,0,NaN,NaN,NaN,NaN,NaN,NaN,NaN,NaN,NaN,NaN,,
KEGG_COMPLEMENT_AND_COAGULATION_CASCADES,39,33,0,0,0.71,0.7,0.73,0.78,0.81,0.91,0.84,0.82,0.84,8,"C1qa, C1qb, C1qc, C1s, C2, C3, C4a;C4b, C6, C8a, C8b, C8g, C9, Cfb, Cfh, Cfi, Cpb2, F10, F11, F12, F13b, F2, F5, F7, F9, Fga, Fgb, Fgg, Klkb1;Cyp4v3, Kng1, Masp1, Masp2, Mbl2, Plg, Proc, Pros1, Serpinc1, Serpind1, Serpinf2, Serping1","C1qa, C1qb, C1qc, C1s, C2, C3, C4a;C4b, C6, C8a, C8b, C8g, C9, Cfb, Cfi, Cpb2, F10, F11, F12, F2, F5, F7, Fga, Fgb, Fgg, Klkb1;Cyp4v3, Kng1, Masp1, Plg, Pros1, Serpinc1, Serpind1, Serpinf2, Serping1"
KEGG_PROTEASOME,40,32,0,0,0.93,0.92,0.88,0.83,0.78,0.75,0.74,0.74,0.74,2,"Pomp, Psma1, Psma2, Psma4, Psma5, Psma6, Psma7, Psmb1, Psmb10, Psmb2, Psmb3, Psmb4, Psmb5;Mir686, Psmb6, Psmb7, Psmb8, Psmb9, Psmc1, Psmc2, Psmc3, Psmc4, Psmc5, Psmc6, Psmd1, Psmd11, Psmd12, Psmd13, Psmd14, Psmd2, Psmd3, Psmd4, Psmd6, Psmd7;AK158379, Psmd8, Psme1, Psme2, Psme3, Psme4;AK163075, Psmf1, Shfm1","Pomp, Psma2, Psma5, Psma7, Psmb1, Psmb2, Psmb3, Psmb4, Psmb5;Mir686, Psmb6, Psmb7, Psmb8, Psmc1, Psmc2, Psmc3, Psmc4, Psmc5, Psmc6, Psmd1, Psmd11, Psmd12, Psmd13, Psmd14, Psmd2, Psmd3, Psmd4, Psmd7;AK158379, Psmd8, Psme1, Psme3, Psmf1, Shfm1"
KEGG_ARGININE_AND_PROLINE_METABOLISM,32,25,0,0.002,0.7,0.7,0.71,0.71,0.73,0.67,0.68,0.71,0.71,3,"Acy1, Agmat, Aldh1b1, Aldh2, Aldh3a2, Aldh4a1, Aldh7a1, Aldh9a1, Arg1, Asl, Ass1, Cps1, Gamt, Gls2, Glud1, Glul, Got1, Got2, Lap3, Maob, Nags, Oat, Odc1, Otc, P4ha1, P4ha2, Prodh, Prodh2, Pycrl;AK019237, Sat1, Sat2, Srm","Agmat, Aldh1b1, Aldh2, Aldh3a2, Aldh7a1, Arg1, Asl, Ass1, Cps1, Gamt, Gls2, Glud1, Glul, Got1, Got2, Maob, Nags, Oat, Odc1, P4ha1, P4ha2, Prodh, Pycrl;AK019237, Sat2, Srm"
KEGG_PEROXISOME,66,45,0,0.005,0.84,0.83,0.84,0.82,0.78,0.76,0.78,0.76,0.77,2,"Abcd1, Abcd2, Abcd3, Abcd4, Acot8, Acox1, Acox2, Acox3, Acsl1, Acsl3;Utp14b, Acsl4;mACS4, Acsl5, Agps, Agxt, Amacr, Baat, Cat, Crat, Crot, Decr2, Dhrs4, Ech1, Ehhadh, Ephx2, Gnpat, Gstk1, Gtf3c2;Mpv17;mKIAA0011, Hacl1, Hao1, Hmgcl, Hsd17b4, Idh1, Idh2, Mlycd, Mpv17l, Mvk, Nudt19, Paox;Pao, Pecr, Pex1, Pex10, Pex11a, Pex11b, Pex11g;Pex11c, Pex13, Pex14, Pex16, Pex19, Pex26, Pex3, Pex5, Pex6, Pex7, Phyh, Pipox, Pmvk, Prdx1, Prdx5, Pxmp2, Pxmp4, Scp2, Slc25a17, Slc27a2, Sod1, Sod2, Xdh","Abcd1, Abcd2, Abcd4, Acot8, Acox1, Acox2, Acsl4;mACS4, Agps, Agxt, Amacr, Baat, Cat, Crat, Crot, Decr2, Dhrs4, Ech1, Ephx2, Gnpat, Gstk1, Hacl1, Hmgcl, Hsd17b4, Idh1, Idh2, Mlycd, Mpv17l, Nudt19, Paox;Pao, Pecr, Pex11a, Pex11b, Pex16, Pex3, Pex5, Pex6, Pex7, Phyh, Pipox, Prdx5, Pxmp2, Scp2, Slc27a2, Sod1, Xdh"
KEGG_OXIDATIVE_PHOSPHORYLATION,90,58,0.001,0.008,0.81,0.85,0.84,0.86,0.87,0.85,0.87,0.89,0.9,7,"Atp5a1, Atp5b, Atp5c1, Atp5d, Atp5e, Atp5f1, Atp5g1, Atp5g3, Atp5h, Atp5j, Atp5j2;AK164124, Atp5l, Atp5o, Atp6ap1, Atp6v0a1, Atp6v0b, Atp6v0c, Atp6v0d1, Atp6v1a;BC050135, Atp6v1c1, Atp6v1d, Atp6v1e1, Atp6v1f, Atp6v1g1, Atp6v1h, Cox10, Cox17, Cox4i1, Cox5a, Cox5b, Cox6a1, Cox6b1, Cox6c, Cox7a1, Cox7a2, Cox7a2l, Cox7b, Cox7c, Cox8a, Cyc1, Lhpp, Ndufa1, Ndufa10, Ndufa11, Ndufa2, Ndufa3, Ndufa4, Ndufa5, Ndufa6, Ndufa7, Ndufa8, Ndufa9, Ndufab1, Ndufb10, Ndufb2, Ndufb3, Ndufb4, Ndufb5, Ndufb6, Ndufb7, Ndufb8, Ndufb9, Ndufc1, Ndufc2, Ndufs1, Ndufs2, Ndufs3, Ndufs4, Ndufs5, Ndufs6, Ndufs7, Ndufs8, Ndufv1, Ndufv2, Ndufv3, Ppa1, Ppa2, Sdha, Sdhb, Sdhc, Sdhd, Tcirg1, Uqcr10, Uqcr;Uqcr11, Uqcrb, Uqcrc1, Uqcrc2, Uqcrfs1, Uqcrh, Uqcrq","Atp5a1, Atp5b, Atp5c1, Atp5e, Atp5f1, Atp5g1, Atp5g3, Atp5h, Atp5j, Atp5j2;AK164124, Atp5o, Atp6v0a1, Atp6v0c, Atp6v0d1, Atp6v1c1, Atp6v1d, Atp6v1e1, Atp6v1f, Atp6v1g1, Atp6v1h, Cox17, Cox5a, Cox5b, Cox6a1, Cox7a1, Cox7b, Cox7c, Cox8a, Cyc1, Lhpp, Ndufa1, Ndufa10, Ndufa4, Ndufa7, Ndufa8, Ndufab1, Ndufb10, Ndufb2, Ndufb3, Ndufb5, Ndufb8, Ndufs1, Ndufs3, Ndufs5, Ndufv1, Ndufv2, Ppa1, Sdha, Sdhb, Sdhc, Sdhd, Tcirg1, Uqcr10, Uqcr;Uqcr11, Uqcrc1, Uqcrfs1, Uqcrh, Uqcrq"
KEGG_DRUG_METABOLISM_CYTOCHROME_P450,29,22,0.001,0.008,0.85,0.79,0.76,0.69,0.65,0.61,0.61,0.61,0.6,1.5,"Adh4, Adh5, Adh7, Aox1, Cyp1a2, Cyp2e1, Fmo1, Fmo2, Fmo3, Fmo5, Gsta2, Gsta3, Gsta4, Gstk1, Gstm1, Gstm2, Gstm3, Gstm4, Gstm5, Gsto1, Gstp1, Gstt1, Gstt2, Gstz1, Maob, Mgst1, Mgst3, Ugt1a1;Ugt1a2;Ugt1a5;Ugt1a6;Ugt1a6a;Ugt1a6b;Ugt1a7c;Ugt1a9;Ugt1a10, Ugt2a3","Aox1, Cyp1a2, Cyp2e1, Fmo1, Fmo2, Fmo3, Fmo5, Gsta2, Gsta3, Gstk1, Gstm1, Gstm2, Gstm3, Gsto1, Gstp1, Gstt1, Gstt2, Gstz1, Maob, Mgst1, Mgst3, Ugt1a1;Ugt1a2;Ugt1a5;Ugt1a6;Ugt1a6a;Ugt1a6b;Ugt1a7c;Ugt1a9;Ugt1a10"
KEGG_PROXIMAL_TUBULE_BICARBONATE_RECLAMATION,10,9,0.001,0.008,0.67,0.72,0.75,0.82,0.87,0.87,0.87,0.88,0.89,6,"Atp1a1, Atp1b1, Atp1b3, Gls2, Glud1, Mdh1, Pck1, Slc25a10, Slc38a3, Slc4a4","Atp1a1, Atp1b1, Atp1b3, Gls2, Glud1, Mdh1, Pck1, Slc38a3, Slc4a4"
KEGG_PRIMARY_BILE_ACID_BIOSYNTHESIS,13,11,0.001,0.012,0.85,0.88,0.83,0.77,0.7,0.72,0.71,0.68,0.66,2,"Acox2, Akr1d1, Amacr, Baat, Cyp27a1, Cyp39a1, Cyp7a1, Cyp7b1, Cyp8b1, Hsd17b4, Scp2, Setd1a;Hsd3b7, Slc27a5","Acox2, Amacr, Baat, Cyp27a1, Cyp39a1, Cyp7a1, Cyp7b1, Cyp8b1, Hsd17b4, Scp2, Setd1a;Hsd3b7"
KEGG_PHENYLALANINE_METABOLISM,9,8,0.001,0.014,0.83,0.83,0.84,0.84,0.84,0.8,0.82,0.86,0.87,5,"Ddc, Got1, Got2, Hpd, Hyal1;Nat6;Hyal3, Maob, Pah, Prdx6, Tat","Got1, Got2, Hpd, Hyal1;Nat6;Hyal3, Maob, Pah, Prdx6, Tat"
KEGG_PPAR_SIGNALING_PATHWAY,43,29,0.003,0.03,0.87,0.89,0.88,0.84,0.8,0.77,0.75,0.74,0.74,2,"Acadl, Acadm, Acox1, Acox2, Acox3, Acsl1, Acsl3;Utp14b, Acsl4;mACS4, Acsl5, Angptl4, Apoa1, Apoa2, Apoa5, Apoc3, Cpt1a, Cpt2, Cyp27a1, Cyp7a1, Cyp8b1, Dbi, Ehhadh, Fabp1, Fabp2, Fabp5, Fads2, Hmgcs2, Me1, Nr1h3, Pck1, Pdpk1, Pltp, Ppara, Ppard, Pparg, Rxra, Rxrb, Rxrg, Scp2, Slc27a2, Slc27a4, Slc27a5, Sorbs1;mKIAA1296, Ubb;AK183279;Uba52;Ubc","Acadl, Acox1, Acox2, Acsl4;mACS4, Angptl4, Apoa1, Apoa2, Apoa5, Apoc3, Cpt2, Cyp27a1, Cyp7a1, Cyp8b1, Dbi, Fabp1, Fabp5, Fads2, Hmgcs2, Me1, Pck1, Pltp, Ppara, Pparg, Rxra, Rxrb, Scp2, Slc27a2, Sorbs1;mKIAA1296, Ubb;AK183279;Uba52;Ubc"
KEGG_GLUTATHIONE_METABOLISM,33,23,0.003,0.03,0.91,0.79,0.76,0.71,0.71,0.68,0.69,0.69,0.7,1,"Anpep, Gclc, Gclm, Ggct, Ggt6, Gpx1, Gpx4;GPx4, Gsr, Gss, Gsta2, Gsta3, Gsta4, Gstk1, Gstm1, Gstm2, Gstm3, Gstm4, Gstm5, Gsto1, Gstp1, Gstt1, Gstt2, Gstz1, Idh1, Idh2, Lap3, Mgst1, Mgst3, Odc1, Oplah, Pgd, Srm, Txndc12","Anpep, Gclc, Gclm, Gpx1, Gpx4;GPx4, Gsr, Gsta2, Gsta3, Gstk1, Gstm1, Gstm2, Gstm3, Gsto1, Gstp1, Gstt1, Gstt2, Gstz1, Idh1, Idh2, Mgst1, Mgst3, Odc1, Srm"
KEGG_METABOLISM_OF_XENOBIOTICS_BY_CYTOCHROME_P450,25,18,0.004,0.032,0.9,0.8,0.77,0.69,0.65,0.61,0.61,0.62,0.61,1,"Adh4, Adh5, Adh7, Cyp1a2, Cyp2e1, Dhdh, Ephx1, Gsta2, Gsta3, Gsta4, Gstk1, Gstm1, Gstm2, Gstm3, Gstm4, Gstm5, Gsto1, Gstp1, Gstt1, Gstt2, Gstz1, Mgst1, Mgst3, Ugt1a1;Ugt1a2;Ugt1a5;Ugt1a6;Ugt1a6a;Ugt1a6b;Ugt1a7c;Ugt1a9;Ugt1a10, Ugt2a3","Cyp1a2, Cyp2e1, Dhdh, Ephx1, Gsta2, Gsta3, Gstk1, Gstm1, Gstm2, Gstm3, Gsto1, Gstp1, Gstt1, Gstt2, Gstz1, Mgst1, Mgst3, Ugt1a1;Ugt1a2;Ugt1a5;Ugt1a6;Ugt1a6a;Ugt1a6b;Ugt1a7c;Ugt1a9;Ugt1a10"
KEGG_BIOSYNTHESIS_OF_UNSATURATED_FATTY_ACIDS,17,13,0.004,0.032,0.76,0.83,0.81,0.81,0.81,0.79,0.79,0.78,0.8,4,"Acot1, Acot2, Acot7, Acox1, Acox3, Baat, Elovl2, Elovl5, Elovl6;FAE, Fads1, Fads2, Hadha, Hsd17b12, Pecr, Ptpla, Ptplb, Tecr","Acot1, Acot2, Acot7, Acox1, Baat, Elovl2, Elovl5, Fads1, Fads2, Hadha, Hsd17b12, Pecr, Tecr"
KEGG_NITROGEN_METABOLISM,7,6,0.006,0.042,0.5,0.54,0.59,0.7,0.75,0.73,0.79,0.77,0.74,4.5,"Asns, Cps1, Cth, Gls2, Glud1, Glul, Hal","Cps1, Cth, Gls2, Glud1, Glul, Hal"
KEGG_HISTIDINE_METABOLISM,16,12,0.007,0.047,0.5,0.58,0.61,0.69,0.71,0.74,0.75,0.76,0.78,7.5,"Acy3, Aldh1b1, Aldh2, Aldh3a2, Aldh7a1, Aldh9a1, Amdhd1, Ddc, Ftcd, Hal, Hemk1, Lcmt1, Maob, Mettl6, Uroc1, Wbscr22","Aldh1b1, Aldh2, Aldh3a2, Aldh7a1, Amdhd1, Ftcd, Hal, Lcmt1, Maob, Mettl6, Uroc1, Wbscr22"
KEGG_CELL_ADHESION_MOLECULES_CAMS,21,15,0.008,0.053,0.77,0.69,0.68,0.7,0.7,0.69,0.71,0.73,0.72,1,"Alcam, Cadm1;sgigsf;ra175a, Cdh1;AK041755, Cdh2, Cldn1, Cldn14, Cldn2, F11r, Glg1, H1f0;Icam1, Itgb1, Neo1, Nlgn3;Med12, Ptprf, Pvr, Pvrl1, Pvrl2, Pvrl3, Sdc1, Sdc2, Sdc4","Alcam, Cadm1;sgigsf;ra175a, Cdh1;AK041755, Cdh2, Cldn14, Cldn2, F11r, Glg1, H1f0;Icam1, Itgb1, Pvrl1, Pvrl2, Sdc1, Sdc2, Sdc4"
KEGG_PARKINSONS_DISEASE,85,51,0.01,0.06,0.8,0.84,0.84,0.87,0.9,0.88,0.91,0.94,0.95,8,"AK160359;Ube2j2, AK197603;Uba7;AK157941;Cdh29;Ube1l;D330022A01Rik;Cdhr4;Ip6k1, Atp5a1, Atp5b, Atp5c1, Atp5d, Atp5e, Atp5f1, Atp5g1, Atp5g3, Atp5h, Atp5j, Atp5o, Cox4i1, Cox5a, Cox5b, Cox6a1, Cox6b1, Cox6c, Cox7a1, Cox7a2, Cox7a2l, Cox7b, Cox7c, Cox8a, Cyc1, Cycs, Ndufa1, Ndufa10, Ndufa2, Ndufa3, Ndufa4, Ndufa5, Ndufa6, Ndufa7, Ndufa8, Ndufa9, Ndufab1, Ndufb10, Ndufb2, Ndufb3, Ndufb4, Ndufb5, Ndufb6, Ndufb7, Ndufb8, Ndufb9, Ndufc1, Ndufc2, Ndufs1, Ndufs2, Ndufs3, Ndufs4, Ndufs5, Ndufs6, Ndufs7, Ndufs8, Ndufv1, Ndufv2, Ndufv3, Park7;dj-1, Pink1;PINK1, Ppid, Sdha, Sdhb, Sdhc, Sdhd, Slc25a5, Uba1, Ubb;AK183279;Uba52;Ubc, Ube2g1, Ube2g2, Ube2j1, Ube2l3, Ube2l6, Uqcr10, Uqcr;Uqcr11, Uqcrb, Uqcrc1, Uqcrc2, Uqcrfs1, Uqcrh, Uqcrq, Vdac1, Vdac3","AK160359;Ube2j2, Atp5a1, Atp5b, Atp5c1, Atp5e, Atp5f1, Atp5g1, Atp5g3, Atp5h, Atp5j, Atp5o, Cox5a, Cox5b, Cox6a1, Cox7a1, Cox7b, Cox7c, Cox8a, Cyc1, Cycs, Ndufa1, Ndufa10, Ndufa4, Ndufa7, Ndufa8, Ndufab1, Ndufb10, Ndufb2, Ndufb3, Ndufb5, Ndufb8, Ndufs1, Ndufs3, Ndufs5, Ndufv1, Ndufv2, Sdha, Sdhb, Sdhc, Sdhd, Slc25a5, Uba1, Ubb;AK183279;Uba52;Ubc, Ube2l3, Uqcr10, Uqcr;Uqcr11, Uqcrc1, Uqcrfs1, Uqcrh, Uqcrq, Vdac1"
KEGG_ALPHA_LINOLENIC_ACID_METABOLISM,6,5,0.012,0.072,0.79,0.88,0.83,0.78,0.76,0.75,0.73,0.71,0.71,2,"Acox1, Acox3, Fads2, Pla2g12a, Pla2g12b, Pla2g6","Acox1, Fads2, Pla2g12a, Pla2g12b, Pla2g6"
KEGG_ABC_TRANSPORTERS,20,14,0.013,0.074,0.8,0.82,0.81,0.76,0.7,0.63,0.56,0.56,0.52,1.5,"Abca1, Abca2;Mir3087, Abca6, Abcb10, Abcb11, Abcb4, Abcb6, Abcb8, Abcc2, Abcc3, Abcc6, Abcd1, Abcd2, Abcd3, Abcd4, Abcg2, Abcg5, Abcg8, Tap1, Tap2","Abca2;Mir3087, Abcb10, Abcb4, Abcb6, Abcb8, Abcc2, Abcc3, Abcc6, Abcd1, Abcd2, Abcd4, Abcg2, Abcg5, Abcg8"
KEGG_STEROID_BIOSYNTHESIS,9,7,0.015,0.078,0.72,0.71,0.68,0.65,0.66,0.69,0.66,0.66,0.81,6,"Dhcr24, Ebp, Hsd17b7, Lipa, Lss, Nsdhl, Soat2, Sqle, Tm7sf2;1110014N23Rik;Ffr","Dhcr24, Ebp, Lipa, Nsdhl, Soat2, Sqle, Tm7sf2;1110014N23Rik;Ffr"
KEGG_SYSTEMIC_LUPUS_ERYTHEMATOSUS,27,18,0.016,0.081,0.72,0.68,0.68,0.72,0.74,0.83,0.72,0.69,0.71,5.5,"Actn1, Actn4, C1qa, C1qb, C1qc, C1s, C2, C3, C4a;C4b, C6, C8a, C8b, C8g, C9, H2afj, H2afv;H2afz, H2afx, H2afy, H3f3a;H3f3b, Hist1h2bc, Hist1h2be;Hist1h1e, Hist1h4d, Hist1h4h, Snrpb, Snrpd1, Snrpd3, Ssb","Actn4, C1qa, C1qb, C1qc, C1s, C2, C3, C4a;C4b, C6, C8a, C8b, C8g, C9, H2afv;H2afz, H2afx, H2afy, Hist1h2bc, Snrpd1"
KEGG_CARDIAC_MUSCLE_CONTRACTION,29,19,0.019,0.091,0.83,0.8,0.79,0.83,0.86,0.85,0.85,0.88,0.87,8,"Atp1a1, Atp1b1, Atp1b3, Atp2a2, Cox4i1, Cox5a, Cox5b, Cox6a1, Cox6b1, Cox6c, Cox7a1, Cox7a2, Cox7a2l, Cox7b, Cox7c, Cox8a, Cyc1, Tpm1, Tpm2, Tpm3, Tpm4, Uqcr10, Uqcr;Uqcr11, Uqcrb, Uqcrc1, Uqcrc2, Uqcrfs1, Uqcrh, Uqcrq","Atp1a1, Atp1b1, Atp1b3, Cox5a, Cox5b, Cox6a1, Cox7a1, Cox7b, Cox7c, Cox8a, Cyc1, Tpm1, Tpm2, Uqcr10, Uqcr;Uqcr11, Uqcrc1, Uqcrfs1, Uqcrh, Uqcrq"
KEGG_BUTANOATE_METABOLISM,24,16,0.02,0.096,0.8,0.73,0.72,0.73,0.71,0.68,0.67,0.69,0.7,1.5,"Aacs, Abat, Acads, Acat1, Acat2, Acsm1, Acsm5, Aldh1b1, Aldh2, Aldh3a2, Aldh5a1, Aldh7a1, Aldh9a1, Bdh1, Bdh2, Echs1, Ehhadh, Hadh, Hadha, Hmgcl, Hmgcs2, L2hgdh, Pdha1, Pdhb","Aacs, Abat, Acat1, Acsm1, Acsm5, Aldh1b1, Aldh2, Aldh3a2, Aldh7a1, Bdh1, Bdh2, Hadh, Hadha, Hmgcl, Hmgcs2, L2hgdh"
KEGG_ASCORBATE_AND_ALDARATE_METABOLISM,8,6,0.027,0.108,0.83,0.72,0.69,0.62,0.56,0.55,0.56,0.59,0.63,1,"Aldh1b1, Aldh2, Aldh3a2, Aldh7a1, Aldh9a1, Ugdh, Ugt1a1;Ugt1a2;Ugt1a5;Ugt1a6;Ugt1a6a;Ugt1a6b;Ugt1a7c;Ugt1a9;Ugt1a10, Ugt2a3","Aldh1b1, Aldh2, Aldh3a2, Aldh7a1, Ugdh, Ugt1a1;Ugt1a2;Ugt1a5;Ugt1a6;Ugt1a6a;Ugt1a6b;Ugt1a7c;Ugt1a9;Ugt1a10"
KEGG_BETA_ALANINE_METABOLISM,16,11,0.027,0.108,0.81,0.69,0.68,0.68,0.66,0.64,0.65,0.67,0.73,1,"Abat, Acadm, Aldh1b1, Aldh2, Aldh3a2, Aldh7a1, Aldh9a1, Dpyd, Dpys, Echs1, Ehhadh, Hadha, Hibch, Mlycd, Srm, Upb1","Abat, Aldh1b1, Aldh2, Aldh3a2, Aldh7a1, Dpyd, Hadha, Hibch, Mlycd, Srm, Upb1"
KEGG_TAURINE_AND_HYPOTAURINE_METABOLISM,5,4,0.026,0.108,0.8,0.98,0.95,0.86,0.79,0.65,0.61,0.59,0.57,2.5,"Ado, Baat, Cdo1, Csad, Ggt6","Ado, Baat, Cdo1, Csad"
KEGG_HEDGEHOG_SIGNALING_PATHWAY,11,8,0.024,0.108,0.93,0.83,0.89,0.83,0.84,0.78,0.69,0.68,0.71,2,"Csnk1a1, Csnk1d, Csnk1g2, Csnk1g3, Fbxw11;mKIAA0696;Btrc;mKIAA4123, Gas1, Gsk3b, Prkaca, Prkacb, Ptch1, Wnt5b","Csnk1a1, Csnk1d, Csnk1g2, Fbxw11;mKIAA0696;Btrc;mKIAA4123, Gas1, Gsk3b, Prkaca, Wnt5b"
KEGG_HEMATOPOIETIC_CELL_LINEAGE,8,6,0.027,0.108,0.82,0.7,0.71,0.63,0.62,0.6,0.57,0.57,0.67,1.5,"Anpep, Cd9, Csf1r, Epo;Gnb2;Gnb4, Il1r1, Itga5, Pelo;Pelota;Itga1, Thpo","Anpep, Csf1r, Epo;Gnb2;Gnb4, Il1r1, Pelo;Pelota;Itga1, Thpo"
KEGG_ERBB_SIGNALING_PATHWAY,46,28,0.029,0.11,0.83,0.8,0.77,0.76,0.73,0.68,0.67,0.7,0.72,2,"Abl1, Abl2, Akt1, Akt2;AK206940, Araf, Bad, Braf, Camk2b, Camk2d;Camk2g;mKIAA4163, Cblc, Cdkn1a, Cdkn1b, Crk, Egfr, Eif4ebp1, Elk1, Gab1, Grb2, Gsk3b, Jnk2;Mapk9, Jun, Map2k1, Map2k2, Map2k4, Map2k7, Mapk1, Mapk3, Mtor, Nck1, Nras;Kras, Nrg4, Pak1;Pak2, Pak4, Pik3ca, Pik3r1, Pik3r2, Plcg1;AK169777, Ptk2;FAK, Raf1, Rps6kb1, Rps6kb2, Shc1, Sos1, Sos2;AK138088, Stat5a, Stat5b;AK088966","Abl1, Akt2;AK206940, Araf, Camk2d;Camk2g;mKIAA4163, Cblc, Crk, Eif4ebp1, Gab1, Grb2, Gsk3b, Jun, Map2k1, Map2k2, Map2k4, Map2k7, Mtor, Nck1, Nrg4, Pik3r1, Pik3r2, Plcg1;AK169777, Ptk2;FAK, Raf1, Rps6kb1, Shc1, Sos1, Stat5a, Stat5b;AK088966"
KEGG_PRION_DISEASES,23,15,0.031,0.114,0.72,0.68,0.67,0.71,0.72,0.86,0.72,0.69,0.73,6,"Bax, C1qa, C1qb, C1qc, C6, C8a, C8b, C8g, C9, Ccl5, Egr1, Elk1, Hspa5, Lamc1, Map2k1, Map2k2, Mapk1, Mapk3, Prkaca, Prkacb, Prnd;Prnp, Sod1, Stip1","C1qa, C1qb, C1qc, C6, C8a, C8b, C8g, C9, Egr1, Hspa5, Map2k1, Map2k2, Prkaca, Sod1, Stip1"
KEGG_PANTOTHENATE_AND_COA_BIOSYNTHESIS,13,9,0.034,0.122,0.92,0.89,0.87,0.82,0.74,0.72,0.72,0.7,0.71,1,"Bcat2, Coasy, Dpyd, Dpys, Enpp1, Enpp3, Pank1, Pank3, Pank4, Ppcdc, Ppcs, Upb1, Vnn1","Coasy, Dpyd, Enpp1, Enpp3, Pank1, Pank3, Ppcs, Upb1, Vnn1"
KEGG_CITRATE_CYCLE_TCA_CYCLE,25,16,0.035,0.124,0.7,0.72,0.74,0.76,0.8,0.82,0.85,0.88,0.9,7,"Acly, Aco1, Aco2, Cs, Dlat, Dld, Dlst;AK005477, Idh1, Idh2, Idh3a, Idh3b, Idh3g, Mdh1, Mdh2, Ogdh;mKIAA4192, Pck1, Pdha1, Pdhb, Sdha, Sdhb, Sdhc, Sdhd, Sucla2, Suclg1, Suclg2;Scs","Acly, Cs, Dlat, Dlst;AK005477, Idh1, Idh2, Idh3a, Mdh1, Pck1, Sdha, Sdhb, Sdhc, Sdhd, Sucla2, Suclg1, Suclg2;Scs"
KEGG_LYSINE_DEGRADATION,36,22,0.041,0.138,0.81,0.78,0.75,0.74,0.72,0.71,0.71,0.7,0.7,1.5,"Aadat, Aasdhppt, Aass, Acat1, Acat2, Aldh1b1, Aldh2, Aldh3a2, Aldh7a1, Aldh9a1, Ash1l, Bbox1, Dlst;AK005477, Dot1l, Echs1, Ehhadh, Ehmt1, Ehmt2;G9a, Gcdh, Hadh, Hadha, Nsd1;AK053386, Ogdh;mKIAA4192, Phf11;D14Ertd668e;Setdb2;Gm6907, Pipox, Plod1, Plod3;Mir702, Setd1a;Hsd3b7, Setd2, Setd7, Setd8, Setdb1, Suv420h1, Suv420h2, Whsc1;mKIAA1090, Whsc1l1","Aasdhppt, Aass, Acat1, Aldh1b1, Aldh2, Aldh3a2, Aldh7a1, Dlst;AK005477, Ehmt1, Ehmt2;G9a, Hadh, Hadha, Nsd1;AK053386, Phf11;D14Ertd668e;Setdb2;Gm6907, Pipox, Setd1a;Hsd3b7, Setd2, Setd7, Setd8, Setdb1, Suv420h1, Whsc1l1"
KEGG_GLYCINE_SERINE_AND_THREONINE_METABOLISM,22,14,0.046,0.141,0.65,0.71,0.75,0.81,0.87,0.84,0.88,0.9,0.9,8,"Agxt, Agxt2, Alas1, Alas2, Bhmt, Cbs, Cth, Dld, Dmgdh, Gamt, Gcat;Galr3, Gldc, Glyctk, Gnmt, Maob, Pipox, Psph, Sardh, Sds, Shmt1, Shmt2, Srr","Agxt, Alas1, Bhmt, Cbs, Cth, Dmgdh, Gamt, Gldc, Glyctk, Gnmt, Maob, Pipox, Sardh, Sds"
KEGG_VASCULAR_SMOOTH_MUSCLE_CONTRACTION,38,23,0.044,0.141,0.84,0.8,0.74,0.72,0.66,0.63,0.58,0.55,0.56,2,"Adcy6, Adcy9, Adra1b, Araf, Arhgef12, Arhgef1;mFLJ00369, Avpr1a, Braf, Cald1, Calm1, Calm2, Calm3, Gna11, Gna13, Gnas, Itpr1, Itpr2, Map2k1, Map2k2, Mapk1, Mapk3, Myl6, Mylk;Mlyk, Npr2, Pla2g12a, Pla2g12b, Pla2g6, Plcb1, Ppp1ca, Ppp1r12a, Prkaca, Prkacb, Prkcd, Prkce, Raf1, Ramp2;Vps25, Rhoa, Rock2;Rock1","Adcy6, Adra1b, Araf, Arhgef12, Arhgef1;mFLJ00369, Avpr1a, Cald1, Calm3, Gna11, Map2k1, Map2k2, Myl6, Mylk;Mlyk, Npr2, Pla2g12a, Pla2g12b, Pla2g6, Plcb1, Ppp1r12a, Prkaca, Prkce, Raf1, Rock2;Rock1"
KEGG_FC_EPSILON_RI_SIGNALING_PATHWAY,29,18,0.044,0.141,0.84,0.89,0.87,0.85,0.79,0.73,0.72,0.71,0.68,2,"Akt1, Akt2;AK206940, Grb2, Jnk2;Mapk9, Lyn, Map2k1, Map2k2, Map2k3, Map2k4, Map2k7, Mapk1, Mapk14, Mapk3, Nras;Kras, Pdk1, Pik3ca, Pik3r1, Pik3r2, Pla2g12a, Pla2g12b, Pla2g6, Plcg1;AK169777, Prkcd, Prkce, Rac1, Rac2, Raf1, Sos1, Sos2;AK138088","Akt2;AK206940, Grb2, Map2k1, Map2k2, Map2k3, Map2k4, Map2k7, Pdk1, Pik3r1, Pik3r2, Pla2g12a, Pla2g12b, Pla2g6, Plcg1;AK169777, Prkce, Rac1, Raf1, Sos1"
KEGG_AMYOTROPHIC_LATERAL_SCLEROSIS_ALS,22,14,0.046,0.141,0.91,0.81,0.79,0.77,0.77,0.73,0.71,0.71,0.7,1.5,"Bad, Bax, Bcl2l1, Bid, Cat, Ccs, Cycs, Daxx, Gpx1, Map2k3, Map3k5, Mapk14, Mpp4;mDLG6A;Als2, Ppp3ca, Ppp3cb, Rab5a, Rac1, Slc1a2, Sod1, Tnfrsf1a, Tnfrsf1b;AK170464, Tom40;Tomm40","Bcl2l1, Cat, Ccs, Cycs, Daxx, Gpx1, Map2k3, Map3k5, Mpp4;mDLG6A;Als2, Rab5a, Rac1, Slc1a2, Sod1, Tnfrsf1a"
KEGG_VALINE_LEUCINE_AND_ISOLEUCINE_DEGRADATION,37,22,0.059,0.156,0.87,0.83,0.81,0.79,0.76,0.74,0.74,0.76,0.77,2,"Abat, Acaa2, Acad8, Acadm, Acads, Acadsb, Acat1, Acat2, Aldh1b1, Aldh2, Aldh3a2, Aldh6a1, Aldh7a1, Aldh9a1, Aox1, Auh, Bcat2, Bckdhb, Dbt, Dld, Echs1, Ehhadh, Hadh, Hadha, Hadhb, Hibadh;AK042028, Hibch, Hmgcl, Hmgcs2, Hsd17b10, Ivd, Mcca;Mccc1, Mccc2, Mcee, Mut, Pcca, Pccb","Abat, Acadsb, Acat1, Aldh1b1, Aldh2, Aldh3a2, Aldh7a1, Aox1, Auh, Dbt, Hadh, Hadha, Hadhb, Hibadh;AK042028, Hibch, Hmgcl, Hmgcs2, Hsd17b10, Ivd, Mcca;Mccc1, Mccc2, Mut"
KEGG_TYROSINE_METABOLISM,19,12,0.06,0.156,0.78,0.85,0.86,0.85,0.81,0.77,0.77,0.8,0.8,4,"Adh4, Adh5, Adh7, Aox1, Comt, Ddc, Fah, Got1, Got2, Gstz1, Hemk1, Hgd, Hpd, Hyal1;Nat6;Hyal3, Lcmt1, Maob, Mettl6, Tat, Wbscr22","Aox1, Fah, Got1, Got2, Gstz1, Hpd, Hyal1;Nat6;Hyal3, Lcmt1, Maob, Mettl6, Tat, Wbscr22"
KEGG_ETHER_LIPID_METABOLISM,12,8,0.056,0.156,0.83,0.89,0.86,0.77,0.69,0.7,0.65,0.61,0.6,2,"Agps, Chpt1, Enpp2, Pafah1b1, Pafah1b2;AK011326, Pafah1b3, Pafah2, Pla2g12a, Pla2g12b, Pla2g6, Ppap2b, Ppap2c","Agps, Chpt1, Pafah1b1, Pafah2, Pla2g12a, Pla2g12b, Pla2g6, Ppap2b"
KEGG_ARACHIDONIC_ACID_METABOLISM,12,8,0.056,0.156,0.85,0.88,0.83,0.76,0.72,0.7,0.7,0.68,0.67,2,"Cbr1, Cyp2e1, Cyp2u1, Ephx2, Ggt6, Gpx1, Gpx4;GPx4, Lta4h, Pla2g12a, Pla2g12b, Pla2g6, Ptges2","Cbr1, Cyp2e1, Ephx2, Gpx1, Gpx4;GPx4, Pla2g12a, Pla2g12b, Pla2g6"
KEGG_PYRUVATE_METABOLISM,26,16,0.057,0.156,0.83,0.78,0.77,0.74,0.73,0.72,0.72,0.72,0.74,2,"AK040794;Acaca, Acacb, Acat1, Acat2, Acot12, Acss2, Acyp1, Aldh1b1, Aldh2, Aldh3a2, Aldh7a1, Aldh9a1, Dlat, Dld, Glo1, Grhpr, Hagh, Ldha, Ldhd, Mdh1, Mdh2, Me1, Pck1, Pdha1, Pdhb, Pklr","Acacb, Acat1, Acss2, Acyp1, Aldh1b1, Aldh2, Aldh3a2, Aldh7a1, Dlat, Glo1, Grhpr, Ldha, Ldhd, Mdh1, Me1, Pck1"
KEGG_PROPANOATE_METABOLISM,26,16,0.057,0.156,0.82,0.75,0.73,0.73,0.73,0.74,0.75,0.75,0.8,2,"AK040794;Acaca, Abat, Acacb, Acadm, Acat1, Acat2, Acss2, Aldh1b1, Aldh2, Aldh3a2, Aldh6a1, Aldh7a1, Aldh9a1, Echs1, Ehhadh, Hadha, Hibch, Ldha, Mcee, Mlycd, Mut, Pcca, Pccb, Sucla2, Suclg1, Suclg2;Scs","Abat, Acacb, Acat1, Acss2, Aldh1b1, Aldh2, Aldh3a2, Aldh7a1, Hadha, Hibch, Ldha, Mlycd, Mut, Sucla2, Suclg1, Suclg2;Scs"
KEGG_NEUROACTIVE_LIGAND_RECEPTOR_INTERACTION,19,12,0.06,0.156,0.88,0.84,0.85,0.79,0.77,0.74,0.71,0.69,0.67,3,"AK153427;P2rx4, Adra1b, Avpr1a, Chrna2, F2, Gcat;Galr3, Gcgr, Ghr, Htr6, Nr3c1, P2ry2, Pard3, Plg, Prlr, S1pr1, S1pr2, Thra, Thrb, Tspo","AK153427;P2rx4, Adra1b, Avpr1a, Chrna2, F2, Gcgr, Htr6, Pard3, Plg, Prlr, S1pr2, Tspo"
KEGG_TRYPTOPHAN_METABOLISM,28,17,0.062,0.159,0.81,0.78,0.77,0.76,0.73,0.71,0.71,0.72,0.72,2,"Aadat, Acat1, Acat2, Acmsd, Afmid;Clast2;Syngr2, Aldh1b1, Aldh2, Aldh3a2, Aldh7a1, Aldh9a1, Aox1, Cat, Cyp1a2, Ddc, Echs1, Ehhadh, Gcdh, Haao, Hadh, Hadha, Ido2, Inmt, Kmo, Kynu, Maob, Ogdh;mKIAA4192, Tdo2, Wars","Acat1, Afmid;Clast2;Syngr2, Aldh1b1, Aldh2, Aldh3a2, Aldh7a1, Aox1, Cat, Cyp1a2, Haao, Hadh, Hadha, Inmt, Kmo, Kynu, Maob, Tdo2"
KEGG_STEROID_HORMONE_BIOSYNTHESIS,14,9,0.068,0.17,0.68,0.66,0.65,0.65,0.66,0.68,0.7,0.71,0.69,1,"Akr1d1, Comt, Cyp17a1, Cyp7a1, Cyp7b1, Hsd11b1, Hsd17b12, Hsd17b2, Hsd17b6, Hsd17b7, Hsd3b2, Srd5a1, Ugt1a1;Ugt1a2;Ugt1a5;Ugt1a6;Ugt1a6a;Ugt1a6b;Ugt1a7c;Ugt1a9;Ugt1a10, Ugt2a3","Cyp17a1, Cyp7a1, Cyp7b1, Hsd11b1, Hsd17b12, Hsd17b2, Hsd17b6, Srd5a1, Ugt1a1;Ugt1a2;Ugt1a5;Ugt1a6;Ugt1a6a;Ugt1a6b;Ugt1a7c;Ugt1a9;Ugt1a10"
KEGG_PENTOSE_AND_GLUCURONATE_INTERCONVERSIONS,9,6,0.072,0.173,0.8,0.76,0.75,0.72,0.7,0.65,0.66,0.67,0.76,1.5,"Cryl1, Dcxr, Dhdh, Gusb, Ugdh, Ugp2, Ugt1a1;Ugt1a2;Ugt1a5;Ugt1a6;Ugt1a6a;Ugt1a6b;Ugt1a7c;Ugt1a9;Ugt1a10, Ugt2a3, Xylb","Cryl1, Dcxr, Dhdh, Ugdh, Ugt1a1;Ugt1a2;Ugt1a5;Ugt1a6;Ugt1a6a;Ugt1a6b;Ugt1a7c;Ugt1a9;Ugt1a10, Xylb"
KEGG_LIMONENE_AND_PINENE_DEGRADATION,9,6,0.072,0.173,0.83,0.69,0.67,0.63,0.59,0.56,0.58,0.61,0.65,1,"Aldh1b1, Aldh2, Aldh3a2, Aldh7a1, Aldh9a1, Echs1, Ehhadh, Hadha, Hyal1;Nat6;Hyal3","Aldh1b1, Aldh2, Aldh3a2, Aldh7a1, Hadha, Hyal1;Nat6;Hyal3"
KEGG_CYSTEINE_AND_METHIONINE_METABOLISM,23,14,0.074,0.175,0.73,0.8,0.82,0.86,0.87,0.85,0.87,0.89,0.89,8,"Adi1, Ahcy, Ahcyl1, Ahcyl2, Apip, Bhmt, Cbs, Cdo1, Cth, Dnmt1, Dnmt3a, Enoph1, Got1, Got2, Ldha, Mat1a, Mat2a, Mat2b;MAT2B, Mpst, Mtap, Sds, Srm, Tat","Ahcy, Apip, Bhmt, Cbs, Cdo1, Cth, Got1, Got2, Ldha, Mat1a, Mat2a, Sds, Srm, Tat"
KEGG_LEUKOCYTE_TRANSENDOTHELIAL_MIGRATION,38,22,0.083,0.189,0.86,0.84,0.79,0.76,0.74,0.69,0.67,0.68,0.67,1,"Actb, Actn1, Actn4, Arhgap5, Bcar1, Cdc42, Cldn1, Cldn14, Cldn2, Ctnna1;AK008288, Ctnnb1, Ctnnd1, Cxcl12, F11r, Gnai2, Gnai3, H1f0;Icam1, Itgb1, Mapk14, Mllt4, Myl12b, Pik3ca, Pik3r1, Pik3r2, Plcg1;AK169777, Ptk2;FAK, Ptk2b, Ptpn11, Pxn, Rac1, Rac2, Rap1a, Rap1b, Rapgef4;cAMP-GEFII, Rhoa, Rock2;Rock1, Vasp, Vcl","Actb, Actn4, Bcar1, Cldn14, Cldn2, Ctnnb1, Cxcl12, F11r, Gnai2, H1f0;Icam1, Itgb1, Pik3r1, Pik3r2, Plcg1;AK169777, Ptk2;FAK, Ptk2b, Ptpn11, Pxn, Rac1, Rap1a, Rapgef4;cAMP-GEFII, Rock2;Rock1"
KEGG_ALZHEIMERS_DISEASE,105,57,0.083,0.189,0.79,0.82,0.82,0.84,0.87,0.85,0.86,0.89,0.89,7,"Aph1a, Apoe, App, Atf6, Atp2a2, Atp5a1, Atp5b, Atp5c1, Atp5d, Atp5e, Atp5f1, Atp5g1, Atp5g3, Atp5h, Atp5j, Atp5o, Bad, Bid, Calm1, Calm2, Calm3, Casp7, Casp8, Cdk5, Cox4i1, Cox5a, Cox5b, Cox6a1, Cox6b1, Cox6c, Cox7a1, Cox7a2, Cox7a2l, Cox7b, Cox7c, Cox8a, Cyc1, Cycs, Ern1, Fadd, Fas, Gapdh, Gsk3b, Hsd17b10, Ide, Itpr1, Itpr2, Lrp1, Mapk1, Mapk3, Nae1, Ncstn, Ndufa1, Ndufa10, Ndufa2, Ndufa3, Ndufa4, Ndufa5, Ndufa6, Ndufa7, Ndufa8, Ndufa9, Ndufab1, Ndufb10, Ndufb2, Ndufb3, Ndufb4, Ndufb5, Ndufb6, Ndufb7, Ndufb8, Ndufb9, Ndufc1, Ndufc2, Ndufs1, Ndufs2, Ndufs3, Ndufs4, Ndufs5, Ndufs6, Ndufs7, Ndufs8, Ndufv1, Ndufv2, Ndufv3, Plcb1, Ppp3ca, Ppp3cb, Psen1, Psen2, Psenen, Sdha, Sdhb, Sdhc, Sdhd, Tnfrsf1a, Uqcr10, Uqcr;Uqcr11, Uqcrb, Uqcrc1, Uqcrc2, Uqcrfs1, Uqcrh, Uqcrq, calp80;Capn2","Aph1a, Apoe, App, Atf6, Atp5a1, Atp5b, Atp5c1, Atp5e, Atp5f1, Atp5g1, Atp5g3, Atp5h, Atp5j, Atp5o, Calm3, Cdk5, Cox5a, Cox5b, Cox6a1, Cox7a1, Cox7b, Cox7c, Cox8a, Cyc1, Cycs, Gsk3b, Hsd17b10, Ide, Lrp1, Ndufa1, Ndufa10, Ndufa4, Ndufa7, Ndufa8, Ndufab1, Ndufb10, Ndufb2, Ndufb3, Ndufb5, Ndufb8, Ndufs1, Ndufs3, Ndufs5, Ndufv1, Ndufv2, Plcb1, Sdha, Sdhb, Sdhc, Sdhd, Tnfrsf1a, Uqcr10, Uqcr;Uqcr11, Uqcrc1, Uqcrfs1, Uqcrh, Uqcrq"
KEGG_HUNTINGTONS_DISEASE,117,63,0.087,0.19,0.8,0.82,0.82,0.84,0.86,0.84,0.86,0.87,0.88,7,"Ap2a1, Ap2a2;mKIAA0899, Ap2b1, Ap2m1, Ap2s1, Atp5a1, Atp5b, Atp5c1, Atp5d, Atp5e, Atp5f1, Atp5g1, Atp5g3, Atp5h, Atp5j, Atp5o, Bax, Bbc3, Casp8, Clta, Cltb, Cltc;AK049578, Cox4i1, Cox5a, Cox5b, Cox6a1, Cox6b1, Cox6c, Cox7a1, Cox7a2, Cox7a2l, Cox7b, Cox7c, Cox8a, Creb1, Creb3l2, Creb3l3, Crebbp, Cyc1, Cycs, Dand5;SP1, Dctn1, Dctn4, Ep300, Gpx1, Hdac1, Hdac2, Hdh;Htt, Itpr1, Ndufa1, Ndufa10, Ndufa2, Ndufa3, Ndufa4, Ndufa5, Ndufa6, Ndufa7, Ndufa8, Ndufa9, Ndufab1, Ndufb10, Ndufb2, Ndufb3, Ndufb4, Ndufb5, Ndufb6, Ndufb7, Ndufb8, Ndufb9, Ndufc1, Ndufc2, Ndufs1, Ndufs2, Ndufs3, Ndufs4, Ndufs5, Ndufs6, Ndufs7, Ndufs8, Ndufv1, Ndufv2, Ndufv3, Nrf1, Plcb1, Polr2b, Polr2d, Polr2e, Polr2f, Polr2g, Polr2h, Polr2i, Polr2j, Polr2l, Pparg, Ppid, Rcor1, Rest, Sdha, Sdhb, Sdhc, Sdhd, Sin3a, Slc25a5, Sod1, Sod2, Tfam, Tgm2, Uqcr10, Uqcr;Uqcr11, Uqcrb, Uqcrc1, Uqcrc2, Uqcrfs1, Uqcrh, Uqcrq, Vdac1, Vdac3","Ap2a2;mKIAA0899, Atp5a1, Atp5b, Atp5c1, Atp5e, Atp5f1, Atp5g1, Atp5g3, Atp5h, Atp5j, Atp5o, Cltb, Cox5a, Cox5b, Cox6a1, Cox7a1, Cox7b, Cox7c, Cox8a, Creb3l2, Cyc1, Cycs, Dctn4, Ep300, Gpx1, Hdac2, Ndufa1, Ndufa10, Ndufa4, Ndufa7, Ndufa8, Ndufab1, Ndufb10, Ndufb2, Ndufb3, Ndufb5, Ndufb8, Ndufs1, Ndufs3, Ndufs5, Ndufv1, Ndufv2, Plcb1, Polr2i, Polr2j, Pparg, Rcor1, Rest, Sdha, Sdhb, Sdhc, Sdhd, Sin3a, Slc25a5, Sod1, Tfam, Uqcr10, Uqcr;Uqcr11, Uqcrc1, Uqcrfs1, Uqcrh, Uqcrq, Vdac1"
KEGG_VIBRIO_CHOLERAE_INFECTION,27,16,0.086,0.19,0.88,0.92,0.9,0.88,0.84,0.79,0.78,0.77,0.8,2,"Actb, Adcy9, Arf1, Atp6ap1, Atp6v0a1, Atp6v0b, Atp6v0c, Atp6v0d1, Atp6v1a;BC050135, Atp6v1c1, Atp6v1d, Atp6v1e1, Atp6v1f, Atp6v1g1, Atp6v1h, Gnas, Kdelr1, Kdelr2, Pdia4;Mir704, Plcg1;AK169777, Prkaca, Prkacb, Sec61a1, Sec61b, Tcirg1, Tjp1, Tjp2","Actb, Atp6v0a1, Atp6v0c, Atp6v0d1, Atp6v1c1, Atp6v1d, Atp6v1e1, Atp6v1f, Atp6v1g1, Atp6v1h, Kdelr2, Plcg1;AK169777, Prkaca, Sec61a1, Sec61b, Tcirg1"
KEGG_GLYOXYLATE_AND_DICARBOXYLATE_METABOLISM,13,8,0.105,0.226,0.77,0.88,0.88,0.88,0.85,0.84,0.75,0.71,0.72,4,"Aco1, Aco2, Afmid;Clast2;Syngr2, Cs, Glyctk, Grhpr, Hao1, Hyi, Mdh1, Mdh2, Mthfd1, Mthfd2l, Pgp","Afmid;Clast2;Syngr2, Cs, Glyctk, Grhpr, Hyi, Mdh1, Mthfd2l, Pgp"
KEGG_NICOTINATE_AND_NICOTINAMIDE_METABOLISM,15,9,0.118,0.248,0.77,0.8,0.77,0.72,0.68,0.68,0.7,0.68,0.64,2,"Aox1, Enpp1, Enpp3, Nadk, Nadsyn1, Nampt, Nmnat1, Nnmt, Nnt, Nt5c, Nt5c2, Nt5e, Nt5m;Dnt2, Pnp, Qprt","Aox1, Enpp1, Enpp3, Nadk, Nadsyn1, Nnmt, Nt5c2, Nt5e, Pnp"
KEGG_NEUROTROPHIN_SIGNALING_PATHWAY,70,38,0.121,0.251,0.89,0.84,0.81,0.77,0.73,0.7,0.7,0.7,0.7,1.5,"14-3-3 gamma;Ywhag, Abl1, Akt1, Akt2;AK206940, Arhgdia, Atf4, Bad, Bax, Braf, Calm1, Calm2, Calm3, Camk2b, Camk2d;Camk2g;mKIAA4163, Cdc42, Crk, Csk, Frs2, Gab1, Grb2, Gsk3b, IKKbeta;Ikbkb;Ikkb, IRAK1-S;Irak1;Mir718, Irak-2;Irak2, Irak4, Irs2, Jnk2;Mapk9, Jun, Kidins220, Maged1;mFLJ00163, Map2k1, Map2k2, Map2k7, Map3k3, Map3k5, Mapk1, Mapk14, Mapk3, Mapkapk2, Mek5;Map2k5, Nfkb1, Nfkbia, Nfkbib, Nras;Kras, Pdk1, Pik3ca, Pik3r1, Pik3r2, Plcg1;AK169777, Prkcd, Psen1, Psmbeta;Sh2b1, Ptpn11, Rac1, Raf1, Rap1a, Rap1b, Rapgef1, Rela, Rhoa, Rps6ka1, Shc1, Sort1, Sos1, Sos2;AK138088, Ywhab, Ywhae, Ywhah, Ywhaq, Ywhaz","14-3-3 gamma;Ywhag, Abl1, Akt2;AK206940, Arhgdia, Atf4, Calm3, Camk2d;Camk2g;mKIAA4163, Crk, Csk, Gab1, Grb2, Gsk3b, IRAK1-S;Irak1;Mir718, Irs2, Jun, Maged1;mFLJ00163, Map2k1, Map2k2, Map2k7, Map3k5, Mapkapk2, Nfkbib, Pdk1, Pik3r1, Pik3r2, Plcg1;AK169777, Psmbeta;Sh2b1, Ptpn11, Rac1, Raf1, Rap1a, Rela, Rps6ka1, Shc1, Sort1, Sos1, Ywhab, Ywhae"
KEGG_RIBOFLAVIN_METABOLISM,10,6,0.141,0.289,0.86,0.97,0.89,0.87,0.81,0.77,0.71,0.65,0.62,2,"Acp5, Acp6, Enpp1, Enpp3, Flad1;Lenep, Mtmr1, Mtmr2, Mtmr6, Phpt1, Rfk","Acp5, Enpp1, Enpp3, Flad1;Lenep, Mtmr6, Phpt1"
KEGG_CHEMOKINE_SIGNALING_PATHWAY,67,36,0.145,0.291,0.78,0.78,0.76,0.75,0.72,0.72,0.69,0.68,0.69,2,"Adcy6, Adcy9, Adrbk1, Akt1, Akt2;AK206940, Arrb2, Bcar1, Braf, Ccl5, Cdc42, Chuk, Crk, Csk, Cxcl10, Cxcl12, Cxcl9, Epo;Gnb2;Gnb4, Gnai2, Gnai3, Gnb1, Gng12, Gng5, Grb2, Grk6;GRK6, Gsk3a, Gsk3b, IKKbeta;Ikbkb;Ikkb, Ikbkg, Jak2, Lyn, Map2k1, Mapk1, Mapk3, Nfkb1, Nfkbia, Nfkbib, Nras;Kras, Pak1;Pak2, Pard3, Pik3ca, Pik3r1, Pik3r2, Plcb1, Prkaca, Prkacb, Prkcd, Prkcz, Ptk2;FAK, Ptk2b, Pxn, Rac1, Rac2, Raf1, Rap1a, Rap1b, Rasgrp2, Rela, Rhoa, Rock2;Rock1, Shc1, Sos1, Sos2;AK138088, Stat1, Stat2, Stat3, Stat5b;AK088966, Wasl","Adcy6, Adrbk1, Akt2;AK206940, Arrb2, Bcar1, Crk, Csk, Cxcl12, Epo;Gnb2;Gnb4, Gnai2, Gng12, Grb2, Grk6;GRK6, Gsk3a, Gsk3b, Map2k1, Nfkbib, Pard3, Pik3r1, Pik3r2, Plcb1, Prkaca, Prkcz, Ptk2;FAK, Ptk2b, Pxn, Rac1, Raf1, Rap1a, Rasgrp2, Rela, Rock2;Rock1, Shc1, Sos1, Stat2, Stat5b;AK088966"
KEGG_N_GLYCAN_BIOSYNTHESIS,25,14,0.159,0.315,0.76,0.83,0.84,0.82,0.78,0.79,0.76,0.74,0.75,2.5,"Adnp;Dpm1, Alg14, Alg2, Alg3, Alg5, Alg9, B4galt1, B4galt3, Dad1, Ddost, Dpagt1, Dpm2, Dpm3, Ganab;mKIAA0088, Man1a2, Man1b1, Man2a1, Mgat1, Mgat4b, Mogs, Rft1, Rpn1, Rpn2, St6gal1, Stt3b","Alg14, Alg5, Alg9, B4galt3, Dad1, Dpm2, Dpm3, Ganab;mKIAA0088, Man2a1, Mgat1, Mgat4b, Mogs, Rpn2, St6gal1"
KEGG_FRUCTOSE_AND_MANNOSE_METABOLISM,18,10,0.191,0.352,0.72,0.77,0.7,0.69,0.7,0.68,0.68,0.68,0.68,2,"Aldoa, Aldob, Aldoc, Fbp1, Gmppa, Khk, Mpi;Pmi, Mtmr1, Mtmr2, Mtmr6, Pfkfb1, Pfkm, Phpt1, Pmm1, Pmm2, Sord, Tpi1, Tsta3","Aldob, Fbp1, Khk, Mtmr6, Pfkfb1, Phpt1, Pmm1, Pmm2, Sord, Tsta3"
KEGG_STARCH_AND_SUCROSE_METABOLISM,18,10,0.191,0.352,0.85,0.86,0.83,0.83,0.77,0.79,0.78,0.76,0.74,2,"Agl, Capn3;Ganc;mFLJ00088, Enpp1, Enpp3, G6pc, Gaa, Gbe1, Gck, Gusb, Gys2, Mgam, Pgm2, Pgm2l1, Pygl, Ugdh, Ugp2, Ugt1a1;Ugt1a2;Ugt1a5;Ugt1a6;Ugt1a6a;Ugt1a6b;Ugt1a7c;Ugt1a9;Ugt1a10, Ugt2a3","Agl, Enpp1, Enpp3, G6pc, Gaa, Gck, Gys2, Pygl, Ugdh, Ugt1a1;Ugt1a2;Ugt1a5;Ugt1a6;Ugt1a6a;Ugt1a6b;Ugt1a7c;Ugt1a9;Ugt1a10"
KEGG_JAK_STAT_SIGNALING_PATHWAY,43,23,0.192,0.352,0.87,0.84,0.82,0.79,0.77,0.73,0.67,0.66,0.68,2,"Akt1, Akt2;AK206940, Bcl2l1, Cblc, Cish, Cntf;Zfp91, Crebbp, Crlf2, Ep300, Epo;Gnb2;Gnb4, Ghr, Grb2, IL15ra;Il15ra, Ifnar1, Ifnar2, Ifngr1, Ifngr2, Il6st, Irf9, Jak1, Jak2, Lifr, Miz1;Pias2, Pias1, Pias4;PIAS-gamma, Pik3ca, Pik3r1, Pik3r2, Prlr, Ptpn11, Ptpn6, Socs2, Socs3, Socs7, Sos1, Sos2;AK138088, Stam, Stam2, Stat1, Stat2, Stat3, Stat5a, Stat5b;AK088966","Akt2;AK206940, Bcl2l1, Cblc, Cish, Cntf;Zfp91, Ep300, Epo;Gnb2;Gnb4, Grb2, IL15ra;Il15ra, Il6st, Lifr, Pias4;PIAS-gamma, Pik3r1, Pik3r2, Prlr, Ptpn11, Socs2, Socs7, Sos1, Stam2, Stat2, Stat5a, Stat5b;AK088966"
KEGG_CHRONIC_MYELOID_LEUKEMIA,43,23,0.192,0.352,0.81,0.82,0.79,0.78,0.75,0.71,0.7,0.71,0.72,2,"Abl1, Akt1, Akt2;AK206940, Araf, Bad, Bcl2l1, Bcr, Braf, Cblc, Cdk4, Cdkn1a, Cdkn1b, Chuk, Crk, Ctbp1, E2f3;E2F3, Grb2, Hdac1, Hdac2, IKKbeta;Ikbkb;Ikkb, Ikbkg, Map2k1, Map2k2, Mapk1, Mapk3, Mdm2, Nfkb1, Nfkbia, Nras;Kras, Pik3ca, Pik3r1, Pik3r2, Ptpn11, Raf1, Rela, Shc1, Smad3;AK214683, Smad4, Sos1, Sos2;AK138088, Stat5a, Stat5b;AK088966, Tgfbr1","Abl1, Akt2;AK206940, Araf, Bcl2l1, Bcr, Cblc, Crk, Ctbp1, Grb2, Hdac2, Map2k1, Map2k2, Mdm2, Pik3r1, Pik3r2, Ptpn11, Raf1, Rela, Shc1, Smad3;AK214683, Sos1, Stat5a, Stat5b;AK088966"
KEGG_HYPERTROPHIC_CARDIOMYOPATHY_HCM,18,10,0.191,0.352,0.82,0.84,0.83,0.77,0.73,0.74,0.75,0.74,0.73,2.5,"Actb, Atp2a2, Dag1, Emd, Igf1, Itga5, Itgb1, Itgb5, Lmna, Pelo;Pelota;Itga1, Prkaa2, Prkab1, Prkag1, Prkag2, Tpm1, Tpm2, Tpm3, Tpm4","Actb, Emd, Igf1, Itgb1, Lmna, Pelo;Pelota;Itga1, Prkag1, Prkag2, Tpm1, Tpm2"
KEGG_CIRCADIAN_RHYTHM_MAMMAL,7,4,0.196,0.353,0.64,0.79,0.75,0.67,0.69,0.69,0.68,0.69,0.79,5.5,"Arntl;bmal1b, Bhlhe40, Clock, Cry1, Cry2;mPHLL2, Csnk1d, Per1","Bhlhe40, Cry1, Csnk1d, Per1"
KEGG_GLYCEROLIPID_METABOLISM,22,12,0.205,0.364,0.8,0.79,0.79,0.76,0.74,0.69,0.67,0.68,0.7,2.5,"Agpat2, Agpat3, Agpat6, Agpat9, Aldh1b1, Aldh2, Aldh3a2, Aldh7a1, Aldh9a1, Dak, Dgat2, Dgat;Dgat1, Dgkd;mKIAA0145, Dgkz, Glyctk, Lclat1, Lipc, Lipg, Mgll, Ppap2b, Ppap2c, mKIAA1560;Gpam","Agpat6, Aldh1b1, Aldh2, Aldh3a2, Aldh7a1, Dak, Dgat2, Dgat;Dgat1, Glyctk, Lipc, Mgll, Ppap2b"
KEGG_ANTIGEN_PROCESSING_AND_PRESENTATION,28,15,0.219,0.383,0.82,0.88,0.82,0.81,0.76,0.75,0.71,0.7,0.71,3,"B2m;BC002288, Calr, Canx, Cd74, Creb1, Ctsb, Ctss, Hsp90aa1, Hsp90ab1, Hspa1b, Hspa4;AK038627, Hspa5, Hspa8, Ifi30, Lgmn, Nfya, Nfyb, Nfyc, Pdia3, Psme1, Psme2, Psme3, Rfx5, Rfxank, Rfxap, Tap1, Tap2, Tapbp","B2m;BC002288, Calr, Cd74, Ctsb, Hsp90aa1, Hsp90ab1, Hspa1b, Hspa4;AK038627, Hspa5, Hspa8, Ifi30, Nfyb, Psme1, Psme3, Rfxap"
KEGG_EPITHELIAL_CELL_SIGNALING_IN_HELICOBACTER_PYLORI_INFECTION,38,20,0.232,0.396,0.9,0.85,0.83,0.81,0.77,0.73,0.73,0.7,0.73,1,"Atp6ap1, Atp6v0a1, Atp6v0b, Atp6v0c, Atp6v0d1, Atp6v1a;BC050135, Atp6v1c1, Atp6v1d, Atp6v1e1, Atp6v1f, Atp6v1g1, Atp6v1h, Ccl5, Cdc42, Chuk, Csk, Egfr, F11r, Git1, IKKbeta;Ikbkb;Ikkb, Ikbkg, Jnk2;Mapk9, Jun, Lyn, Map2k4, Mapk14, Met;Sltm, Nfkb1, Nfkbia, Nod1, Pak1;Pak2, Pcp4;Igsf5, Plcg1;AK169777, Ptpn11, Rac1, Rela, Tcirg1, Tjp1","Atp6v0a1, Atp6v0c, Atp6v0d1, Atp6v1c1, Atp6v1d, Atp6v1e1, Atp6v1f, Atp6v1g1, Atp6v1h, Csk, F11r, Jun, Map2k4, Met;Sltm, Pcp4;Igsf5, Plcg1;AK169777, Ptpn11, Rac1, Rela, Tcirg1"
KEGG_BASAL_CELL_CARCINOMA,11,6,0.232,0.396,0.78,0.65,0.68,0.65,0.66,0.6,0.48,0.53,0.61,2.5,"Apc, Axin1, Axin2, Ctnnb1, Fzd1, Fzd8, Gsk3b, Ptch1, Tcf7l1, Tcf7l2, Wnt5b","Axin2, Ctnnb1, Fzd8, Gsk3b, Tcf7l1, Wnt5b"
KEGG_SELENOAMINO_ACID_METABOLISM,19,10,0.264,0.421,0.76,0.87,0.87,0.86,0.8,0.8,0.8,0.82,0.82,4.5,"Ahcy, Ahcyl1, Ahcyl2, Cbs, Cth, Ggt6, Hemk1, Lcmt1, Mars, Mat1a, Mat2a, Mat2b;MAT2B, Mettl6, Papss1, Papss2, Scly, Sephs1, Sephs2, Wbscr22","Ahcy, Cbs, Cth, Lcmt1, Mars, Mat1a, Mat2a, Mettl6, Papss2, Wbscr22"
KEGG_RETINOL_METABOLISM,17,9,0.259,0.421,0.82,0.74,0.73,0.72,0.7,0.63,0.6,0.58,0.59,1,"Adh4, Adh5, Adh7, Aldh1a1, Bcmo1, Cyp1a2, Dgat2, Dgat;Dgat1, Dhrs3, Dhrs4, Rdh10, Rdh11, Rdh18-ps;Rdh16, Rdh5, Retsat, Ugt1a1;Ugt1a2;Ugt1a5;Ugt1a6;Ugt1a6a;Ugt1a6b;Ugt1a7c;Ugt1a9;Ugt1a10, Ugt2a3","Aldh1a1, Bcmo1, Cyp1a2, Dgat2, Dgat;Dgat1, Dhrs4, Rdh18-ps;Rdh16, Retsat, Ugt1a1;Ugt1a2;Ugt1a5;Ugt1a6;Ugt1a6a;Ugt1a6b;Ugt1a7c;Ugt1a9;Ugt1a10"
KEGG_ECM_RECEPTOR_INTERACTION,15,8,0.252,0.421,0.78,0.81,0.83,0.81,0.79,0.81,0.81,0.81,0.81,4.5,"AK005414;Lamb3, Cd47;AK018679, Col1a1, Col4a1, Dag1, Fn1, Itga5, Itgb1, Itgb5, Lamc1, Pelo;Pelota;Itga1, Sdc1, Sdc2, Sdc4, Vtn","Col4a1, Fn1, Itgb1, Pelo;Pelota;Itga1, Sdc1, Sdc2, Sdc4, Vtn"
KEGG_DILATED_CARDIOMYOPATHY,19,10,0.264,0.421,0.87,0.83,0.8,0.73,0.69,0.71,0.68,0.67,0.71,2,"Actb, Adcy6, Adcy9, Atp2a2, Dag1, Emd, Gnas, Igf1, Itga5, Itgb1, Itgb5, Lmna, Pelo;Pelota;Itga1, Prkaca, Prkacb, Tpm1, Tpm2, Tpm3, Tpm4","Actb, Adcy6, Emd, Igf1, Itgb1, Lmna, Pelo;Pelota;Itga1, Prkaca, Tpm1, Tpm2"
KEGG_VIRAL_MYOCARDITIS,17,9,0.259,0.421,0.89,0.84,0.84,0.8,0.79,0.74,0.75,0.76,0.75,1,"Abl1, Abl2, Actb, Bid, Casp8, Cxadr, Cycs, Dag1, Eif4g1, Eif4g2, Eif4g3, H1f0;Icam1, Myh10;mKIAA3005, Myh14, Myh9, Rac1, Rac2","Abl1, Actb, Cxadr, Cycs, Eif4g1, Eif4g2, Eif4g3, H1f0;Icam1, Rac1"
KEGG_CALCIUM_SIGNALING_PATHWAY,31,16,0.281,0.425,0.86,0.84,0.8,0.77,0.77,0.7,0.69,0.69,0.71,2.5,"AK153427;P2rx4, Adcy9, Adra1b, Atp2a2, Atp2b1, Avpr1a, Calm1, Calm2, Calm3, Camk2b, Camk2d;Camk2g;mKIAA4163, Egfr, Gna11, Gnas, Htr6, Itpr1, Itpr2, Mylk;Mlyk, PLC-epsilon;Plce1, Phka2, Plcb1, Plcg1;AK169777, Ppid, Ppp3ca, Ppp3cb, Prkaca, Prkacb, Ptk2b, Slc25a5, Vdac1, Vdac3","AK153427;P2rx4, Adra1b, Atp2b1, Avpr1a, Calm3, Camk2d;Camk2g;mKIAA4163, Gna11, Htr6, Mylk;Mlyk, PLC-epsilon;Plce1, Plcb1, Plcg1;AK169777, Prkaca, Ptk2b, Slc25a5, Vdac1"
KEGG_MTOR_SIGNALING_PATHWAY,33,17,0.283,0.425,0.87,0.88,0.85,0.85,0.81,0.79,0.76,0.77,0.75,2,"Akt1, Akt2;AK206940, Braf, Cab39, Cab39l, Ccdc47;Strada, Ddit4, Eif4b, Eif4e, Eif4e2, Eif4ebp1, Hif1a, Igf1, Mapk1, Mapk3, Mtor, Pdpk1, Pik3ca, Pik3r1, Pik3r2, Prkaa2, Rheb, Rps6, Rps6ka1, Rps6kb1, Rps6kb2, Rptor;raptor, Stk11;lkb1, Tsc1, Ulk1, Ulk2, Vegfa, Vegfb","Akt2;AK206940, Cab39, Cab39l, Ccdc47;Strada, Ddit4, Eif4b, Eif4ebp1, Igf1, Mtor, Pik3r1, Pik3r2, Rheb, Rps6ka1, Rps6kb1, Stk11;lkb1, Ulk1, Vegfb"
KEGG_VEGF_SIGNALING_PATHWAY,29,15,0.279,0.425,0.84,0.9,0.85,0.81,0.73,0.7,0.69,0.68,0.66,2,"Akt1, Akt2;AK206940, Bad, Cdc42, Hspb1, Map2k1, Map2k2, Mapk1, Mapk14, Mapk3, Mapkapk2, Nfatc1, Nfatc3, Nras;Kras, Pik3ca, Pik3r1, Pik3r2, Pla2g12a, Pla2g12b, Pla2g6, Plcg1;AK169777, Ppp3ca, Ppp3cb, Ptk2;FAK, Pxn, Rac1, Rac2, Raf1, Vegfa","Akt2;AK206940, Hspb1, Map2k1, Map2k2, Mapkapk2, Pik3r1, Pik3r2, Pla2g12a, Pla2g12b, Pla2g6, Plcg1;AK169777, Ptk2;FAK, Pxn, Rac1, Raf1"
KEGG_MELANOGENESIS,31,16,0.281,0.425,0.77,0.76,0.74,0.74,0.71,0.7,0.62,0.61,0.7,2,"Adcy6, Adcy9, Calm1, Calm2, Calm3, Camk2b, Camk2d;Camk2g;mKIAA4163, Creb1, Creb3l2, Creb3l3, Crebbp, Ctnnb1, Ep300, Fzd1, Fzd8, Gnai2, Gnai3, Gnas, Gsk3b, Map2k1, Map2k2, Mapk1, Mapk3, Nras;Kras, Plcb1, Prkaca, Prkacb, Raf1, Tcf7l1, Tcf7l2, Wnt5b","Adcy6, Calm3, Camk2d;Camk2g;mKIAA4163, Creb3l2, Ctnnb1, Ep300, Fzd8, Gnai2, Gsk3b, Map2k1, Map2k2, Plcb1, Prkaca, Raf1, Tcf7l1, Wnt5b"
KEGG_ACUTE_MYELOID_LEUKEMIA,37,19,0.285,0.425,0.81,0.84,0.8,0.79,0.75,0.72,0.7,0.71,0.75,2,"Akt1, Akt2;AK206940, Araf, Bad, Braf, Cebpa, Chuk, Eif4ebp1, Grb2, IKKbeta;Ikbkb;Ikkb, Ikbkg, Jup, Map2k1, Map2k2, Mapk1, Mapk3, Mtor, Nfkb1, Nras;Kras, Pik3ca, Pik3r1, Pik3r2, Pml, Ppard, Raf1, Rara, Rela, Rps6kb1, Rps6kb2, Sos1, Sos2;AK138088, Stat3, Stat5a, Stat5b;AK088966, Tcf7l1, Tcf7l2, Zbtb16","Akt2;AK206940, Araf, Cebpa, Eif4ebp1, Grb2, Map2k1, Map2k2, Mtor, Pik3r1, Pik3r2, Raf1, Rara, Rela, Rps6kb1, Sos1, Stat5a, Stat5b;AK088966, Tcf7l1, Zbtb16"
KEGG_O_GLYCAN_BIOSYNTHESIS,6,3,0.308,0.449,0.7,0.8,0.63,0.66,0.68,0.71,0.6,0.59,0.63,2,"B4galt5, C1galt1c1, Galnt1, Galnt11, Galnt2, St3gal1;AK169958","B4galt5, Galnt1, Galnt11"
KEGG_RENIN_ANGIOTENSIN_SYSTEM,6,3,0.308,0.449,0.87,0.85,0.86,0.81,0.82,0.8,0.79,0.73,0.77,2,"Agt, Anpep, Ctsa, Enpep, Nln, Thop1","Agt, Anpep, Nln"
KEGG_ALANINE_ASPARTATE_AND_GLUTAMATE_METABOLISM,24,12,0.345,0.45,0.63,0.66,0.72,0.77,0.78,0.74,0.79,0.82,0.81,6.5,"Abat, Acy3, Adsl, Adss, Adssl1, Agxt, Agxt2, Aldh4a1, Aldh5a1, Asl, Asns, Ass1, Cad, Cps1, Gfpt1, Gls2, Glud1, Glul, Got1, Got2, Gpt, Gpt2, Nit2, Ppat","Abat, Adss, Adssl1, Agxt, Asl, Ass1, Cps1, Gls2, Glud1, Glul, Got1, Got2"
KEGG_AMINOACYL_TRNA_BIOSYNTHESIS,36,18,0.343,0.45,0.83,0.77,0.75,0.77,0.74,0.71,0.72,0.71,0.75,1.5,"Aars2, Aars;Exosc6, Cars, Cars2, Dars, Dars2, Ears2, Eprs, Fars2, Farsa, Farsb, Gars, Hars, Hars2, Iars, Iars2, Kars, Kiaa0028;Lars2, Lars, Mars, Mtfmt, Nars, Nars2, Pstk, Qars, Rars, Rars2, Sars, Sars2;SerRSmt, Tars, Tars2, Tarsl2, Vars, Vars2, Wars, Yars2","Aars2, Aars;Exosc6, Cars2, Eprs, Fars2, Gars, Hars, Hars2, Lars, Mars, Nars2, Qars, Rars, Sars, Tars, Tars2, Tarsl2, Vars"
KEGG_PROTEIN_EXPORT,20,10,0.344,0.45,0.86,0.89,0.89,0.86,0.83,0.81,0.82,0.85,0.84,3,"Hspa5, Immp1l, Immp2l, Oxa1l, Sec11a, Sec11c, Sec61a1, Sec61b, Sec62, Sec63, Spcs1, Spcs2, Spcs3, Srp14, Srp19, Srp68, Srp72, Srp9, Srpr, Srprb","Hspa5, Immp2l, Oxa1l, Sec61a1, Sec61b, Sec62, Spcs2, Srp19, Srp68, Srp72"
KEGG_AXON_GUIDANCE,46,23,0.339,0.45,0.82,0.75,0.78,0.8,0.76,0.75,0.71,0.72,0.74,2,"Abl1, Ablim1;AK041356;AK165766, Ablim3, Arhgef12, Cdc42, Cdk5, Cfl1, Cfl2, Cxcl12, Efna1, Efna5, Efnb1, Epha2, Ephb4, Gnai2, Gnai3, Gsk3b, Itgb1, Mapk1, Mapk3, Met;Sltm, Mir1903;Nrp1, Nck1, Nfatc1, Nfatc3, Ngef, Nras;Kras, Pak1;Pak2, Pak4, Plxna2, Plxnb1, Plxnb2, Ppp3ca, Ppp3cb, Ptk2;FAK, Rac1, Rac2, Rhoa, Rhod, Rnd1, Rock2;Rock1, Sema4a, Sema4g, Sema6b, Srgap2, Tbc1d24;Ntn3","Abl1, Ablim3, Arhgef12, Cdk5, Cfl1, Cfl2, Cxcl12, Efna1, Ephb4, Gnai2, Gsk3b, Itgb1, Met;Sltm, Mir1903;Nrp1, Nck1, Plxna2, Plxnb1, Plxnb2, Ptk2;FAK, Rac1, Rhod, Rock2;Rock1, Tbc1d24;Ntn3"
KEGG_FOCAL_ADHESION,70,35,0.326,0.45,0.81,0.81,0.79,0.79,0.77,0.73,0.73,0.74,0.75,2,"AK005414;Lamb3, Actb, Actn1, Actn4, Akt1, Akt2;AK206940, Arhgap5, Bad, Bcar1, Braf, Cdc42, Col1a1, Col4a1, Crk, Ctnnb1, Dock1, Egfr, Elk1, Flnb, Fn1, Grb2, Gsk3b, Igf1, Itga5, Itgb1, Itgb5, Jnk2;Mapk9, Jun, Lamc1, Map2k1, Mapk1, Mapk3, Met;Sltm, Myl12b, Mylk;Mlyk, Pak1;Pak2, Pak4, Parva, Pdgfa, Pdpk1, Pelo;Pelota;Itga1, Pik3ca, Pik3r1, Pik3r2, Pip5k1c, Ppp1ca, Ppp1r12a, Pten, Ptk2;FAK, Pxn, Rac1, Rac2, Raf1, Rap1a, Rap1b, Rapgef1, Rhoa, Rock2;Rock1, Shc1, Sos1, Sos2;AK138088, Vasp, Vcl, Vegfa, Vegfb, Vtn, Xiap, Zyx, calp80;Capn2, mKIAA1027;Tln1","Actb, Actn4, Akt2;AK206940, Bcar1, Col4a1, Crk, Ctnnb1, Flnb, Fn1, Grb2, Gsk3b, Igf1, Itgb1, Jun, Map2k1, Met;Sltm, Mylk;Mlyk, Parva, Pelo;Pelota;Itga1, Pik3r1, Pik3r2, Ppp1r12a, Ptk2;FAK, Pxn, Rac1, Raf1, Rap1a, Rock2;Rock1, Shc1, Sos1, Vegfb, Vtn, Xiap, Zyx, mKIAA1027;Tln1"
KEGG_OLFACTORY_TRANSDUCTION,8,4,0.321,0.45,0.6,0.76,0.71,0.75,0.64,0.74,0.78,0.85,0.91,8.5,"Arrb2, Calm1, Calm2, Calm3, Camk2b, Camk2d;Camk2g;mKIAA4163, Prkaca, Prkacb","Arrb2, Calm3, Camk2d;Camk2g;mKIAA4163, Prkaca"
KEGG_TYPE_II_DIABETES_MELLITUS,18,9,0.343,0.45,0.88,0.88,0.83,0.73,0.67,0.65,0.63,0.65,0.6,2,"Gck, IKKbeta;Ikbkb;Ikkb, Insr, Irs2, Jnk2;Mapk9, Mapk1, Mapk3, Mtor, Pik3ca, Pik3r1, Pik3r2, Pklr, Prkcd, Prkce, Prkcz, Slc2a2, Socs2, Socs3","Gck, Irs2, Mtor, Pik3r1, Pik3r2, Prkce, Prkcz, Slc2a2, Socs2"
KEGG_ALDOSTERONE_REGULATED_SODIUM_REABSORPTION,18,9,0.343,0.45,0.69,0.77,0.78,0.79,0.8,0.84,0.81,0.85,0.82,6,"Atp1a1, Atp1b1, Atp1b3, Hsd11b1, Igf1, Insr, Irs2, Mapk1, Mapk3, Nras;Kras, Pdpk1, Pik3ca, Pik3r1, Pik3r2, Scnn1a, Sgk1, Slc9a3r2, mKIAA0439;Nedd4l","Atp1a1, Atp1b1, Atp1b3, Hsd11b1, Igf1, Irs2, Pik3r1, Pik3r2, Slc9a3r2"
KEGG_GLIOMA,32,16,0.344,0.45,0.74,0.82,0.78,0.78,0.75,0.72,0.73,0.75,0.77,3,"Akt1, Akt2;AK206940, Araf, Braf, Calm1, Calm2, Calm3, Camk2b, Camk2d;Camk2g;mKIAA4163, Cdk4, Cdkn1a, E2f3;E2F3, Egfr, Grb2, Igf1, Map2k1, Map2k2, Mapk1, Mapk3, Mdm2, Mtor, Nras;Kras, Pdgfa, Pik3ca, Pik3r1, Pik3r2, Plcg1;AK169777, Pten, Raf1, Shc1, Sos1, Sos2;AK138088","Akt2;AK206940, Araf, Calm3, Camk2d;Camk2g;mKIAA4163, Grb2, Igf1, Map2k1, Map2k2, Mdm2, Mtor, Pik3r1, Pik3r2, Plcg1;AK169777, Raf1, Shc1, Sos1"
KEGG_PROSTATE_CANCER,48,24,0.338,0.45,0.77,0.81,0.78,0.78,0.78,0.75,0.73,0.75,0.8,2,"Akt1, Akt2;AK206940, Araf, Atf4, Bad, Braf, Cdkn1a, Cdkn1b, Chuk, Creb1, Creb3l2, Creb3l3, Crebbp, Ctnnb1, E2f3;E2F3, Egfr, Ep300, Foxo1, Grb2, Gsk3b, Gstp1, Hsp90aa1, Hsp90ab1, Hsp90b1, IKKbeta;Ikbkb;Ikkb, Igf1, Ikbkg, Map2k1, Map2k2, Mapk1, Mapk3, Mdm2, Mtor, Nfkb1, Nfkbia, Nras;Kras, Pdgfa, Pdpk1, Pik3ca, Pik3r1, Pik3r2, Pten, Raf1, Rela, Sos1, Sos2;AK138088, Tcf7l1, Tcf7l2","Akt2;AK206940, Araf, Atf4, Creb3l2, Ctnnb1, Ep300, Foxo1, Grb2, Gsk3b, Gstp1, Hsp90aa1, Hsp90ab1, Hsp90b1, Igf1, Map2k1, Map2k2, Mdm2, Mtor, Pik3r1, Pik3r2, Raf1, Rela, Sos1, Tcf7l1"
KEGG_RIBOSOME,77,38,0.364,0.47,0.95,0.89,0.89,0.86,0.84,0.78,0.76,0.77,0.76,1.5,"1110034A24Rik;Rpl36al, Fau, Gm10653;Rps2, Gm15427;Rpl18a, Gm6635;Rpl31, MRPL13;Mrpl13, Rpl10, Rpl10a, Rpl11, Rpl12, Rpl13, Rpl13a;Rpl13a-ps1;Snord34, Rpl14, Rpl15, Rpl17, Rpl18, Rpl19, Rpl21, Rpl22, Rpl23, Rpl24, Rpl26, Rpl27, Rpl27a, Rpl28, Rpl29, Rpl3, Rpl30, Rpl32, Rpl34;Rpl34-ps1, Rpl35, Rpl35a, Rpl36, Rpl36a, Rpl37, Rpl37a, Rpl38, Rpl4, Rpl41, Rpl5, Rpl6, Rpl7, Rpl7a, Rpl8, Rpl9, Rplp0, Rplp1, Rplp2, Rps10, Rps11, Rps12;Snora33;Snord100, Rps15, Rps15a, Rps16, Rps17, Rps18, Rps19, Rps20, Rps21, Rps24, Rps25, Rps26, Rps27a, Rps27l, Rps28, Rps29, Rps3;Snord15b, Rps3a, Rps4x, Rps5, Rps6, Rps7, Rps8, Rps9, Rpsa, Rsl24d1, Ubb;AK183279;Uba52;Ubc","Gm15427;Rpl18a, Gm6635;Rpl31, Rpl13, Rpl14, Rpl18, Rpl19, Rpl21, Rpl22, Rpl24, Rpl26, Rpl29, Rpl32, Rpl34;Rpl34-ps1, Rpl35, Rpl35a, Rpl36, Rpl37, Rpl37a, Rpl4, Rpl8, Rplp1, Rplp2, Rps10, Rps11, Rps15, Rps15a, Rps18, Rps19, Rps21, Rps24, Rps26, Rps27l, Rps28, Rps5, Rps7, Rps8, Rps9, Ubb;AK183279;Uba52;Ubc"
KEGG_RENAL_CELL_CARCINOMA,45,22,0.395,0.505,0.83,0.79,0.79,0.79,0.75,0.69,0.65,0.64,0.67,2,"Akt1, Akt2;AK206940, Araf, Arnt;mKIAA4051, Braf, Cdc42, Crebbp, Crk, Cul2, Egln1, Egln2, Egln3, Ep300, Epas1, Flcn, Gab1, Grb2, Hif1a, Jun, Map2k1, Map2k2, Mapk1, Mapk3, Met;Sltm, Nras;Kras, Pak1;Pak2, Pak4, Pik3ca, Pik3r1, Pik3r2, Ptpn11, Rac1, Raf1, Rap1a, Rap1b, Rapgef1, Rbx1, Slc2a1, Sos1, Sos2;AK138088, Tceb1, Tceb2, Vegfa, Vegfb, Vhl","Akt2;AK206940, Araf, Arnt;mKIAA4051, Crk, Egln3, Ep300, Gab1, Grb2, Jun, Map2k1, Map2k2, Met;Sltm, Pik3r1, Pik3r2, Ptpn11, Rac1, Raf1, Rap1a, Slc2a1, Sos1, Vegfb, Vhl"
KEGG_FATTY_ACID_METABOLISM,30,14,0.486,0.513,0.83,0.84,0.83,0.79,0.76,0.73,0.73,0.75,0.78,2,"Acaa2, Acadl, Acadm, Acads, Acadsb, Acadvl, Acat1, Acat2, Acox1, Acox3, Acsl1, Acsl3;Utp14b, Acsl4;mACS4, Acsl5, Adh4, Adh5, Adh7, Aldh1b1, Aldh2, Aldh3a2, Aldh7a1, Aldh9a1, Cpt1a, Cpt2, Echs1, Ehhadh, Gcdh, Hadh, Hadha, Hadhb","Acadl, Acadsb, Acadvl, Acat1, Acox1, Acsl4;mACS4, Aldh1b1, Aldh2, Aldh3a2, Aldh7a1, Cpt2, Hadh, Hadha, Hadhb"
KEGG_OTHER_GLYCAN_DEGRADATION,9,4,0.452,0.513,0.77,0.86,0.76,0.73,0.7,0.79,0.77,0.72,0.72,3.5,"Aga, Fuca1, Gba, Glb1;Tmppe, Hexa, Man2b1, Man2b2;MAN2B2, Man2c1, Neu1","Hexa, Man2b1, Man2b2;MAN2B2, Neu1"
KEGG_GLYCOSAMINOGLYCAN_DEGRADATION,11,5,0.447,0.513,0.9,0.82,0.85,0.77,0.72,0.68,0.69,0.66,0.67,1,"AK081796;Gns, Arsb, Galns, Glb1;Tmppe, Gusb, Hexa, Hgsnat, Hs3st3b1, Hyal1;Nat6;Hyal3, Hyal2, Naglu","Hexa, Hgsnat, Hs3st3b1, Hyal1;Nat6;Hyal3, Hyal2"
KEGG_GLYCOSAMINOGLYCAN_BIOSYNTHESIS_CHONDROITIN_SULFATE,3,1,0.471,0.513,1,0.71,0.78,0.63,0.62,0.63,0.54,0.44,0.42,1,"B3gat3, Chpf, Xylt2",Xylt2
KEGG_GLYCOSPHINGOLIPID_BIOSYNTHESIS_GLOBO_SERIES,3,1,0.471,0.513,1,0.87,0.73,0.58,0.57,0.56,0.5,0.44,0.45,1,"Hexa, Naga, St3gal1;AK169958",Hexa
KEGG_GLYCOSPHINGOLIPID_BIOSYNTHESIS_GANGLIO_SERIES,7,3,0.457,0.513,0.79,0.9,0.85,0.76,0.79,0.77,0.75,0.76,0.77,2,"B4galnt1, Glb1;Tmppe, Hexa, Slc33a1, St3gal1;AK169958, St3gal5, St6galnac4;St6galnac6;ST6GalNAc VI","B4galnt1, Hexa, St3gal5"
KEGG_PORPHYRIN_AND_CHLOROPHYLL_METABOLISM,21,10,0.428,0.513,0.94,0.78,0.73,0.67,0.63,0.63,0.6,0.57,0.57,1,"Alad, Alas1, Alas2, Blvra, Blvrb, Cox10, Cp, Cpox, Ears2, Eprs, Fech, Fth1, Gusb, Hmbs, Hmox1, Hmox2, Mmab, Ugt1a1;Ugt1a2;Ugt1a5;Ugt1a6;Ugt1a6a;Ugt1a6b;Ugt1a7c;Ugt1a9;Ugt1a10, Ugt2a3, Urod, Uros","Alad, Alas1, Blvrb, Cp, Cpox, Eprs, Fech, Fth1, Hmox1, Ugt1a1;Ugt1a2;Ugt1a5;Ugt1a6;Ugt1a6a;Ugt1a6b;Ugt1a7c;Ugt1a9;Ugt1a10"
KEGG_SULFUR_METABOLISM,5,2,0.463,0.513,0.8,0.81,0.81,0.79,0.8,0.8,0.8,0.9,0.95,5.5,"Bpnt1, Papss1, Papss2, Sult1a1, Suox","Papss2, Sult1a1"
KEGG_DRUG_METABOLISM_OTHER_ENZYMES,19,9,0.431,0.513,0.84,0.83,0.83,0.8,0.78,0.71,0.65,0.64,0.67,1,"Cda, Dpyd, Dpys, Gmps, Gusb, Itpa, Tk1, Tk2, Tpmt, Tymp, Uck1, Uck2, Uckl1, Ugt1a1;Ugt1a2;Ugt1a5;Ugt1a6;Ugt1a6a;Ugt1a6b;Ugt1a7c;Ugt1a9;Ugt1a10, Ugt2a3, Umps, Upb1, Upp2, Xdh","Cda, Dpyd, Tk2, Uck1, Uckl1, Ugt1a1;Ugt1a2;Ugt1a5;Ugt1a6;Ugt1a6a;Ugt1a6b;Ugt1a7c;Ugt1a9;Ugt1a10, Upb1, Upp2, Xdh"
KEGG_MAPK_SIGNALING_PATHWAY,99,48,0.424,0.513,0.82,0.81,0.79,0.79,0.75,0.71,0.69,0.68,0.69,2,"Adam1a;Mapkapk5, Akt1, Akt2;AK206940, Arrb2, Atf2, Atf4, Braf, Cdc42, Chuk, Crk, Daxx, Dusp1, Dusp16;MKP-7, Dusp3, Dusp6, Ecsit, Egfr, Elk1, Elk4, Fas, Fgf1, Fgf21, Fgfr3, Fgfr4, Flnb, Fos, Gadd45a, Gadd45b, Gadd45g, Gng12, Grb2, Hspa1b, Hspa8, Hspb1, IKKbeta;Ikbkb;Ikkb, Ikbkg, Il1r1, Jnk2;Mapk9, Jun, Jund, Map2k1, Map2k2, Map2k3, Map2k4, Map2k7, Map3k11, Map3k2, Map3k3, Map3k4, Map3k5, Map3k7, Map4k3, Map4k4, Mapk1, Mapk14, Mapk3, Mapkapk2, Max, Mek5;Map2k5, Mknk1, Mknk2;Mnk2, Nf1, Nfkb1, Nlk, Nr4a1, Nras;Kras, Pak1;Pak2, Pdgfa, Pla2g12a, Pla2g12b, Pla2g6, Ppm1a, Ppm1b, Ppp3ca, Ppp3cb, Ppp5c, Prkaca, Prkacb, Rac1, Rac2, Raf1, Rap1a, Rap1b, Rapgef2, Rasgrp2, Rela, Rps6ka1, Rras, Sos1, Sos2;AK138088, Srf, Stk4, Tab2, Taok1, Taok2, Taok3, Tgfbr1, Tnfrsf1a, Traf2","Akt2;AK206940, Arrb2, Atf4, Crk, Daxx, Dusp3, Ecsit, Flnb, Fos, Gadd45b, Gng12, Grb2, Hspa1b, Hspa8, Hspb1, Il1r1, Jun, Jund, Map2k1, Map2k2, Map2k3, Map2k4, Map2k7, Map3k5, Map4k4, Mapkapk2, Max, Mknk2;Mnk2, Nf1, Pla2g12a, Pla2g12b, Pla2g6, Ppm1a, Prkaca, Rac1, Raf1, Rap1a, Rapgef2, Rasgrp2, Rela, Rps6ka1, Rras, Sos1, Srf, Tab2, Taok1, Taok3, Tnfrsf1a"
KEGG_CYTOKINE_CYTOKINE_RECEPTOR_INTERACTION,38,18,0.468,0.513,0.86,0.79,0.82,0.77,0.75,0.73,0.67,0.68,0.7,1.5,"BC096441;Tnfsf13;Tnfsf12, Bmpr1a, Bmpr2, Ccl5, Cntf;Zfp91, Crlf2, Csf1r, Cxcl10, Cxcl12, Cxcl9, Egfr, Epo;Gnb2;Gnb4, Fas, Ghr, IL15ra;Il15ra, Ifnar1, Ifnar2, Ifngr1, Ifngr2, Il17ra, Il17rb, Il18, Il1r1, Il1rap, Il6st, Inhbc, Inhbe, Lifr, Ltbr, Met;Sltm, Pdgfa, Prlr, Tgfbr1, Tnfrsf12a, Tnfrsf1a, Tnfrsf1b;AK170464, Vegfa, Vegfb","BC096441;Tnfsf13;Tnfsf12, Cntf;Zfp91, Csf1r, Cxcl12, Epo;Gnb2;Gnb4, IL15ra;Il15ra, Il17ra, Il1r1, Il6st, Inhbc, Inhbe, Lifr, Ltbr, Met;Sltm, Prlr, Tnfrsf12a, Tnfrsf1a, Vegfb"
KEGG_B_CELL_RECEPTOR_SIGNALING_PATHWAY,35,17,0.407,0.513,0.86,0.84,0.81,0.79,0.76,0.72,0.71,0.71,0.71,2,"AK171687;Bcl10, Akt1, Akt2;AK206940, Cd81, Chuk, Fos, Grb2, Gsk3b, IKKbeta;Ikbkb;Ikkb, Ikbkg, Jun, Lyn, Map2k1, Map2k2, Mapk1, Mapk3, Nfatc1, Nfatc3, Nfkb1, Nfkbia, Nfkbib, Nras;Kras, Pik3ap1;AK087295, Pik3ca, Pik3r1, Pik3r2, Ppp3ca, Ppp3cb, Ptpn6, Rac1, Rac2, Raf1, Rela, Sos1, Sos2;AK138088","AK171687;Bcl10, Akt2;AK206940, Cd81, Fos, Grb2, Gsk3b, Jun, Map2k1, Map2k2, Nfkbib, Pik3ap1;AK087295, Pik3r1, Pik3r2, Rac1, Raf1, Rela, Sos1"
KEGG_LONG_TERM_POTENTIATION,28,13,0.492,0.513,0.79,0.8,0.74,0.74,0.68,0.67,0.64,0.65,0.74,2,"Araf, Atf4, Braf, Calm1, Calm2, Calm3, Camk2b, Camk2d;Camk2g;mKIAA4163, Crebbp, Ep300, Itpr1, Itpr2, Map2k1, Map2k2, Mapk1, Mapk3, Nras;Kras, Plcb1, Ppp1ca, Ppp1r12a, Ppp3ca, Ppp3cb, Prkaca, Prkacb, Raf1, Rap1a, Rap1b, Rps6ka1","Araf, Atf4, Calm3, Camk2d;Camk2g;mKIAA4163, Ep300, Map2k1, Map2k2, Plcb1, Ppp1r12a, Prkaca, Raf1, Rap1a, Rps6ka1"
KEGG_INSULIN_SIGNALING_PATHWAY,80,38,0.493,0.513,0.77,0.83,0.8,0.8,0.77,0.76,0.74,0.74,0.74,2,"AK040794;Acaca, Acacb, Akt1, Akt2;AK206940, Araf, Bad, Braf, Calm1, Calm2, Calm3, Cblc, Crk, Eif4e, Eif4e2, Eif4ebp1, Elk1, Exoc7, Fasn, Fbp1, Flot1, Flot2, Foxo1, G6pc, Gck, Grb2, Gsk3b, Gys2, IKKbeta;Ikbkb;Ikkb, Inpp5k, Insr, Irs2, Jnk2;Mapk9, Lipe, Map2k1, Map2k2, Mapk1, Mapk3, Mknk1, Mknk2;Mnk2, Mtor, Nras;Kras, Pck1, Pde3b, Pdpk1, Phka2, Pik3ca, Pik3r1, Pik3r2, Pklr, Ppp1ca, Ppp1r3b, Ppp1r3c, Prkaa2, Prkab1, Prkaca, Prkacb, Prkag1, Prkag2, Prkar1a, Prkar2a, Prkci, Prkcz, Ptpn1, Ptprf, Pygl, Raf1, Rapgef1, Rheb, Rps6, Rps6kb1, Rps6kb2, Rptor;raptor, Shc1, Socs2, Socs3, Sorbs1;mKIAA1296, Sos1, Sos2;AK138088, Trip10, Tsc1","Acacb, Akt2;AK206940, Araf, Calm3, Cblc, Crk, Eif4ebp1, Fbp1, Flot1, Flot2, Foxo1, G6pc, Gck, Grb2, Gsk3b, Gys2, Irs2, Lipe, Map2k1, Map2k2, Mknk2;Mnk2, Mtor, Pck1, Pik3r1, Pik3r2, Ppp1r3c, Prkaca, Prkag1, Prkag2, Prkcz, Pygl, Raf1, Rheb, Rps6kb1, Shc1, Socs2, Sorbs1;mKIAA1296, Sos1"
KEGG_GNRH_SIGNALING_PATHWAY,42,20,0.46,0.513,0.87,0.84,0.8,0.78,0.73,0.68,0.66,0.66,0.67,2,"Adcy6, Adcy9, Atf4, Calm1, Calm2, Calm3, Camk2b, Camk2d;Camk2g;mKIAA4163, Cdc42, Egfr, Elk1, Gna11, Gnas, Grb2, Itpr1, Itpr2, Jnk2;Mapk9, Jun, Map2k1, Map2k2, Map2k3, Map2k4, Map2k7, Map3k2, Map3k3, Map3k4, Mapk1, Mapk14, Mapk3, Mmp14, Nras;Kras, Pla2g12a, Pla2g12b, Pla2g6, Plcb1, Prkaca, Prkacb, Prkcd, Ptk2b, Raf1, Sos1, Sos2;AK138088","Adcy6, Atf4, Calm3, Camk2d;Camk2g;mKIAA4163, Gna11, Grb2, Jun, Map2k1, Map2k2, Map2k3, Map2k4, Map2k7, Pla2g12a, Pla2g12b, Pla2g6, Plcb1, Prkaca, Ptk2b, Raf1, Sos1"
KEGG_MATURITY_ONSET_DIABETES_OF_THE_YOUNG,13,6,0.443,0.513,0.82,0.85,0.85,0.83,0.83,0.79,0.74,0.71,0.73,2.5,"Foxa2, Foxa3, Gck, Hes1, Hhex, Hnf1a, Hnf1b, Hnf4a, Iapp, Nr5a2, Onecut1, Pklr, Slc2a2","Foxa2, Foxa3, Gck, Hnf4a, Onecut1, Slc2a2"
KEGG_PATHOGENIC_ESCHERICHIA_COLI_INFECTION,28,13,0.492,0.513,0.9,0.78,0.74,0.73,0.73,0.69,0.7,0.72,0.71,1,"Abl1, Actb, Arpc1a;Sid329, Arpc1b, Arpc2, Arpc3, Arpc4;Ttll3, Arpc5, Arpc5l, Cdc42, Cdh1;AK041755, Cldn1, Ctnnb1, Cttn, Itgb1, Krt18, Nck1, Ncl, Rhoa, Rock2;Rock1, Tuba1b, Tuba1c, Tuba8, Tubb2a, Tubb6, Wasl, Ywhaq, Ywhaz","Abl1, Actb, Arpc3, Cdh1;AK041755, Ctnnb1, Itgb1, Krt18, Nck1, Ncl, Rock2;Rock1, Tuba1c, Tuba8, Tubb2a"
KEGG_ENDOMETRIAL_CANCER,30,14,0.486,0.513,0.71,0.74,0.7,0.71,0.71,0.67,0.67,0.69,0.74,3,"Akt1, Akt2;AK206940, Apc, Araf, Axin1, Axin2, Bad, Braf, Cdh1;AK041755, Ctnna1;AK008288, Ctnnb1, Egfr, Elk1, Grb2, Gsk3b, Map2k1, Map2k2, Mapk1, Mapk3, Nras;Kras, Pdpk1, Pik3ca, Pik3r1, Pik3r2, Pten, Raf1, Sos1, Sos2;AK138088, Tcf7l1, Tcf7l2","Akt2;AK206940, Araf, Axin2, Cdh1;AK041755, Ctnnb1, Grb2, Gsk3b, Map2k1, Map2k2, Pik3r1, Pik3r2, Raf1, Sos1, Tcf7l1"
KEGG_THYROID_CANCER,19,9,0.431,0.513,0.75,0.69,0.66,0.64,0.68,0.64,0.67,0.69,0.72,2,"Braf, Ccdc6, Cdh1;AK041755, Ctnnb1, Map2k1, Map2k2, Mapk1, Mapk3, Ncoa4, Nras;Kras, Pparg, Rxra, Rxrb, Rxrg, Tcf7l1, Tcf7l2, Tfg, Tpm3, Tpr","Cdh1;AK041755, Ctnnb1, Map2k1, Map2k2, Pparg, Rxra, Rxrb, Tcf7l1, Tpr"
KEGG_AUTOIMMUNE_THYROID_DISEASE,1,0,0.48,0.513,NaN,NaN,NaN,NaN,NaN,NaN,NaN,NaN,NaN,NaN,Fas,
KEGG_ALLOGRAFT_REJECTION,1,0,0.48,0.513,NaN,NaN,NaN,NaN,NaN,NaN,NaN,NaN,NaN,NaN,Fas,
KEGG_GRAFT_VERSUS_HOST_DISEASE,1,0,0.48,0.513,NaN,NaN,NaN,NaN,NaN,NaN,NaN,NaN,NaN,NaN,Fas,
KEGG_LONG_TERM_DEPRESSION,24,11,0.504,0.519,0.76,0.8,0.75,0.76,0.71,0.71,0.65,0.61,0.64,2,"Araf, Braf, Gna11, Gna13, Gnai2, Gnai3, Gnas, Igf1, Itpr1, Itpr2, Lyn, Map2k1, Map2k2, Mapk1, Mapk3, Nras;Kras, Pla2g12a, Pla2g12b, Pla2g6, Plcb1, Ppp2ca, Ppp2cb, Ppp2r1a, Raf1","Araf, Gna11, Gnai2, Igf1, Map2k1, Map2k2, Pla2g12a, Pla2g12b, Pla2g6, Plcb1, Raf1"
KEGG_BASAL_TRANSCRIPTION_FACTORS,20,9,0.518,0.529,0.81,0.82,0.79,0.79,0.69,0.63,0.58,0.56,0.61,2,"Gtf2a1, Gtf2a2, Gtf2b, Gtf2e1, Gtf2f1, Gtf2f2, Gtf2h1;p62, Gtf2h3, Gtf2h4, Gtf2i;Diws1t, Gtf2ird1, Taf1, Taf10, Taf11, Taf12, Taf13, Taf2, Taf5l, Taf7, Taf9","Gtf2f2, Gtf2h1;p62, Gtf2h4, Gtf2i;Diws1t, Gtf2ird1, Taf1, Taf5l, Taf7, Taf9"
KEGG_ADIPOCYTOKINE_SIGNALING_PATHWAY,41,19,0.524,0.531,0.85,0.83,0.83,0.81,0.8,0.78,0.74,0.72,0.72,1,"Acacb, Acsl1, Acsl3;Utp14b, Acsl4;mACS4, Acsl5, Adipor1, Adipor2, Akt1, Akt2;AK206940, Camkk2;mKIAA0787, Chuk, Cpt1a, G6pc, IKKbeta;Ikbkb;Ikkb, Ikbkg, Irs2, Jak2, Jnk2;Mapk9, Mtor, Nfkb1, Nfkbia, Nfkbib, Pck1, Ppara, Prkaa2, Prkab1, Prkag1, Prkag2, Ptpn11, Rela, Rxra, Rxrb, Rxrg, Slc2a1, Socs3, Stat3, Stk11;lkb1, Tnfrsf1a, Tnfrsf1b;AK170464, Tradd, Traf2","Acacb, Acsl4;mACS4, Akt2;AK206940, Camkk2;mKIAA0787, G6pc, Irs2, Mtor, Nfkbib, Pck1, Ppara, Prkag1, Prkag2, Ptpn11, Rela, Rxra, Rxrb, Slc2a1, Stk11;lkb1, Tnfrsf1a"
KEGG_GLYCOLYSIS_GLUCONEOGENESIS,31,14,0.555,0.532,0.65,0.69,0.69,0.71,0.72,0.74,0.77,0.8,0.83,7,"Acss2, Adh4, Adh5, Adh7, Aldh1b1, Aldh2, Aldh3a2, Aldh7a1, Aldh9a1, Aldoa, Aldob, Aldoc, Bpgm, Dlat, Dld, Fbp1, G6pc, Galm, Gapdh, Gck, Gm5506;AK180697;Eno1, Ldha, Pck1, Pdha1, Pdhb, Pfkm, Pgam1, Pgk1, Pgm2, Pklr, Tpi1","Acss2, Aldh1b1, Aldh2, Aldh3a2, Aldh7a1, Aldob, Dlat, Fbp1, G6pc, Gck, Gm5506;AK180697;Eno1, Ldha, Pck1, Pgk1"
KEGG_PENTOSE_PHOSPHATE_PATHWAY,14,6,0.546,0.532,0.76,0.8,0.79,0.8,0.81,0.78,0.82,0.85,0.87,2,"Aldoa, Aldob, Aldoc, Dera, Fam129c;Pgls, Fbp1, H6pd, Pfkm, Pgd, Pgm2, Prps1, Rbks, Taldo1, Tkt","Aldob, Dera, Fam129c;Pgls, Fbp1, H6pd, Taldo1"
KEGG_TGF_BETA_SIGNALING_PATHWAY,33,15,0.548,0.532,0.74,0.77,0.8,0.79,0.7,0.7,0.62,0.61,0.6,2,"Bmpr1a, Bmpr2, Crebbp, Cul1, Dand5;SP1, E2f4, Ep300, Fst, Id1, Id2, Id3, Inhbc, Inhbe, Mapk1, Mapk3, Ppp2ca, Ppp2cb, Ppp2r1a, Rbl2, Rbx1, Rhoa, Rock2;Rock1, Rps6kb1, Rps6kb2, Smad1, Smad3;AK214683, Smad4, Smad5, Smad7, Smad9, Smurf1, Smurf2, Tgfbr1","Ep300, Fst, Id1, Id2, Id3, Inhbc, Inhbe, Rock2;Rock1, Rps6kb1, Smad3;AK214683, Smad5, Smad7, Smad9, Smurf1, Smurf2"
KEGG_GAP_JUNCTION,31,14,0.555,0.532,0.89,0.78,0.75,0.73,0.7,0.68,0.64,0.6,0.61,1,"Adcy6, Adcy9, Csnk1d, Egfr, Gna11, Gnai2, Gnai3, Gnas, Grb2, Itpr1, Itpr2, Map2k1, Map2k2, Map3k2, Mapk1, Mapk3, Mek5;Map2k5, Nras;Kras, Pdgfa, Plcb1, Prkaca, Prkacb, Raf1, Sos1, Sos2;AK138088, Tjp1, Tuba1b, Tuba1c, Tuba8, Tubb2a, Tubb6","Adcy6, Csnk1d, Gna11, Gnai2, Grb2, Map2k1, Map2k2, Plcb1, Prkaca, Raf1, Sos1, Tuba1c, Tuba8, Tubb2a"
KEGG_PATHWAYS_IN_CANCER,140,66,0.551,0.532,0.83,0.77,0.76,0.74,0.71,0.67,0.65,0.67,0.67,2,"AK005414;Lamb3, Abl1, Akt1, Akt2;AK206940, Apc, Appl1, Araf, Arnt;mKIAA4051, Axin1, Axin2, Bad, Bax, Bcl2l1, Bcr, Bid, Braf, Casp8, Cblc, Ccdc6, Cdc42, Cdh1;AK041755, Cdk4, Cdkn1a, Cdkn1b, Cebpa, Chuk, Cks1b, Col4a1, Crebbp, Crk, Csf1r, Ctbp1, Ctnna1;AK008288, Ctnnb1, Cul2, Cycs, DAPK2;Dapk2, Dapk1, Dapk3, E2f3;E2F3, Egfr, Egln1, Egln2, Egln3, Ep300, Epas1, Fadd, Fas, Fgf1, Fgf21, Fgfr3, Fn1, Fos, Foxo1, Fzd1, Fzd8, Grb2, Gsk3b, Gstp1, Hdac1, Hdac2, Hif1a, Hsp90aa1, Hsp90ab1, Hsp90b1, IKKbeta;Ikbkb;Ikkb, Igf1, Ikbkg, Itgb1, Jak1, Jnk2;Mapk9, Jun, Jup, Lamc1, Map2k1, Map2k2, Mapk1, Mapk3, Max, Mdm2, Met;Sltm, Miz1;Pias2, Msh2, Mtor, Ncoa4, Nfkb1, Nfkbia, Nras;Kras, Pdgfa, Pias1, Pias4;PIAS-gamma, Pik3ca, Pik3r1, Pik3r2, Plcg1;AK169777, Pml, Ppard, Pparg, Ptch1, Pten, Ptk2;FAK, Rac1, Rac2, Raf1, Rala, Ralb, Ralbp1, Rara, Rbx1, Rela, Rhoa, Rxra, Rxrb, Rxrg, Slc2a1, Smad3;AK214683, Smad4, Sos1, Sos2;AK138088, Stat1, Stat3, Stat5a, Stat5b;AK088966, Stk4, Tceb1, Tceb2, Tcf7l1, Tcf7l2, Tfg, Tgfbr1, Tpm3, Tpr, Traf2, Traf4, Vegfa, Vegfb, Vhl, Wnt5b, Xiap, Zbtb16","Abl1, Akt2;AK206940, Araf, Arnt;mKIAA4051, Axin2, Bcl2l1, Bcr, Cblc, Cdh1;AK041755, Cebpa, Col4a1, Crk, Csf1r, Ctbp1, Ctnnb1, Cycs, Dapk3, Egln3, Ep300, Fn1, Fos, Foxo1, Fzd8, Grb2, Gsk3b, Gstp1, Hdac2, Hsp90aa1, Hsp90ab1, Hsp90b1, Igf1, Itgb1, Jun, Map2k1, Map2k2, Max, Mdm2, Met;Sltm, Mtor, Pias4;PIAS-gamma, Pik3r1, Pik3r2, Plcg1;AK169777, Pparg, Ptk2;FAK, Rac1, Raf1, Rala, Ralbp1, Rara, Rela, Rxra, Rxrb, Slc2a1, Smad3;AK214683, Sos1, Stat5a, Stat5b;AK088966, Tcf7l1, Tpr, Traf4, Vegfb, Vhl, Wnt5b, Xiap, Zbtb16"
KEGG_COLORECTAL_CANCER,33,15,0.548,0.532,0.67,0.72,0.68,0.69,0.67,0.64,0.65,0.7,0.75,4,"Akt1, Akt2;AK206940, Apc, Appl1, Araf, Axin1, Axin2, Bad, Bax, Braf, Ctnnb1, Cycs, Fos, Gsk3b, Jnk2;Mapk9, Jun, Map2k1, Mapk1, Mapk3, Msh2, Nras;Kras, Pik3ca, Pik3r1, Pik3r2, Rac1, Rac2, Raf1, Rhoa, Smad3;AK214683, Smad4, Tcf7l1, Tcf7l2, Tgfbr1","Akt2;AK206940, Araf, Axin2, Ctnnb1, Cycs, Fos, Gsk3b, Jun, Map2k1, Pik3r1, Pik3r2, Rac1, Raf1, Smad3;AK214683, Tcf7l1"
KEGG_SMALL_CELL_LUNG_CANCER,35,16,0.542,0.532,0.87,0.83,0.83,0.78,0.74,0.7,0.67,0.69,0.67,1.5,"AK005414;Lamb3, Akt1, Akt2;AK206940, Bcl2l1, Cdk4, Cdkn1b, Chuk, Cks1b, Col4a1, Cycs, E2f3;E2F3, Fhit, Fn1, IKKbeta;Ikbkb;Ikkb, Ikbkg, Itgb1, Lamc1, Max, Miz1;Pias2, Nfkb1, Nfkbia, Pias1, Pias4;PIAS-gamma, Pik3ca, Pik3r1, Pik3r2, Pten, Ptk2;FAK, Rela, Rxra, Rxrb, Rxrg, Traf2, Traf4, Xiap","Akt2;AK206940, Bcl2l1, Col4a1, Cycs, Fn1, Itgb1, Max, Pias4;PIAS-gamma, Pik3r1, Pik3r2, Ptk2;FAK, Rela, Rxra, Rxrb, Traf4, Xiap"
KEGG_GLYCOSAMINOGLYCAN_BIOSYNTHESIS_HEPARAN_SULFATE,10,4,0.574,0.533,0.88,0.79,0.86,0.81,0.72,0.68,0.65,0.61,0.64,1,"AK043361;Glce, B3gat3, Ext1, Ext2, Extl3, Hs3st3b1, Hs6st1, Ndst1, Ndst2, Xylt2","Hs3st3b1, Hs6st1, Ndst2, Xylt2"
KEGG_DORSO_VENTRAL_AXIS_FORMATION,10,4,0.574,0.533,0.94,0.91,0.9,0.87,0.82,0.73,0.74,0.73,0.76,2,"Egfr, Ets2, Etv6, Grb2, Map2k1, Mapk1, Mapk3, Nras;Kras, Sos1, Sos2;AK138088","Ets2, Grb2, Map2k1, Sos1"
KEGG_NON_SMALL_CELL_LUNG_CANCER,27,12,0.571,0.533,0.79,0.9,0.87,0.88,0.83,0.77,0.75,0.73,0.74,2.5,"Akt1, Akt2;AK206940, Araf, Bad, Braf, Cdk4, E2f3;E2F3, Egfr, Fhit, Grb2, Map2k1, Map2k2, Mapk1, Mapk3, Nras;Kras, Pdpk1, Pik3ca, Pik3r1, Pik3r2, Plcg1;AK169777, Raf1, Rxra, Rxrb, Rxrg, Sos1, Sos2;AK138088, Stk4","Akt2;AK206940, Araf, Grb2, Map2k1, Map2k2, Pik3r1, Pik3r2, Plcg1;AK169777, Raf1, Rxra, Rxrb, Sos1"
KEGG_PRIMARY_IMMUNODEFICIENCY,10,4,0.574,0.533,0.71,0.65,0.68,0.69,0.65,0.6,0.56,0.51,0.48,2.5,"Dclre1c, Ikbkg, Rag1;B230118H07Rik, Rfx5, Rfxank, Rfxap, Tap1, Tap2, Ung, Zap70","Dclre1c, Rag1;B230118H07Rik, Rfxap, Zap70"
KEGG_AMINO_SUGAR_AND_NUCLEOTIDE_SUGAR_METABOLISM,21,9,0.6,0.537,0.93,0.83,0.79,0.71,0.69,0.66,0.63,0.62,0.6,2,"AK084646;Nagk;AK051368, Amdhd2, Cmas, Cyb5r3, Gale, Galk1, Galt, Gck, Gfpt1, Gmppa, Gne, Hexa, Mpi;Pmi, Nans, Pgm2, Pmm1, Pmm2, Tsta3, Uap1, Ugdh, Ugp2","Cmas, Galt, Gck, Gne, Hexa, Pmm1, Pmm2, Tsta3, Ugdh"
KEGG_GLYCEROPHOSPHOLIPID_METABOLISM,40,18,0.589,0.537,0.88,0.88,0.84,0.81,0.74,0.7,0.69,0.7,0.69,1,"Agpat2, Agpat3, Agpat6, Agpat9, Cdipt, Cds2, Chka, Chkb, Chpt1, Crls1, Dgkd;mKIAA0145, Dgkz, Etnk1, Etnk2, Gnpat, Gpd1, Gpd1l, Gpd2, Lcat, Lclat1, Lpcat3, Lpgat1, Lpla2;Pla2g15, Lypla1, Lypla2, Mboat7, Pcyt1a, Pcyt2, Pemt, Phospho1;Zfp652, Pisd, Pla2g12a, Pla2g12b, Pla2g6, Ppap2b, Ppap2c, Ptdss1, Ptdss2, Taz, mKIAA1560;Gpam","Agpat6, Cds2, Chkb, Chpt1, Etnk1, Etnk2, Gnpat, Gpd2, Lcat, Lypla2, Pcyt1a, Pemt, Phospho1;Zfp652, Pla2g12a, Pla2g12b, Pla2g6, Ppap2b, Ptdss1"
KEGG_TERPENOID_BACKBONE_BIOSYNTHESIS,8,3,0.593,0.537,0.92,0.9,0.96,0.92,0.89,0.82,0.83,0.84,0.81,3,"Acat1, Acat2, Dhdds, Fdps, Hmgcr, Hmgcs2, Mvk, Pmvk","Acat1, Fdps, Hmgcs2"
KEGG_NATURAL_KILLER_CELL_MEDIATED_CYTOTOXICITY,36,16,0.604,0.537,0.73,0.8,0.76,0.78,0.77,0.76,0.71,0.69,0.68,2,"Araf, Bid, Braf, Fas, Grb2, H1f0;Icam1, Ifnar1, Ifnar2, Ifngr1, Ifngr2, Map2k1, Map2k2, Mapk1, Mapk3, Nfatc1, Nfatc3, Nras;Kras, Pak1;Pak2, Pik3ca, Pik3r1, Pik3r2, Plcg1;AK169777, Ppp3ca, Ppp3cb, Ptk2b, Ptpn11, Ptpn6, Rac1, Rac2, Raf1, Sh3bp2, Shc1, Sos1, Sos2;AK138088, Tyrobp, Zap70","Araf, Grb2, H1f0;Icam1, Map2k1, Map2k2, Pik3r1, Pik3r2, Plcg1;AK169777, Ptk2b, Ptpn11, Rac1, Raf1, Shc1, Sos1, Tyrobp, Zap70"
KEGG_REGULATION_OF_ACTIN_CYTOSKELETON,80,37,0.583,0.537,0.86,0.81,0.76,0.79,0.74,0.73,0.69,0.67,0.68,1,"Actb, Actn1, Actn4, Apc, Araf, Arhgef12, Arhgef1;mFLJ00369, Arhgef7, Arpc1a;Sid329, Arpc1b, Arpc2, Arpc3, Arpc4;Ttll3, Arpc5, Arpc5l, Baiap2, Bcar1, Braf, Cdc42, Cfl1, Cfl2, Crk, Csk, Cyfip1;Shyc, Dock1, Egfr, F2, Fgf1, Fgf21, Fgfr3, Fgfr4, Fn1, Git1, Gna13, Gng12, Iqgap1, Iqgap2, Itga5, Itgb1, Itgb5, Map2k1, Map2k2, Mapk1, Mapk3, Myh10;mKIAA3005, Myh14, Myh9, Myl12b, Mylk;Mlyk, Nckap1, Nras;Kras, Pak1;Pak2, Pak4, Pdgfa, Pelo;Pelota;Itga1, Pfn1, Pik3ca, Pik3r1, Pik3r2, Pikfyve, Pip4k2b, Pip5k1a, Pip5k1c, Ppp1ca, Ppp1r12a, Ptk2;FAK, Pxn, Rac1, Rac2, Raf1, Rdx;BC147413, Rhoa, Rock2;Rock1, Rras, Sos1, Sos2;AK138088, Tmsb4x, Vcl, Wasf2;AK199358, Wasl","Actb, Actn4, Araf, Arhgef12, Arhgef1;mFLJ00369, Arhgef7, Arpc3, Baiap2, Bcar1, Cfl1, Cfl2, Crk, Csk, F2, Fn1, Gng12, Iqgap2, Itgb1, Map2k1, Map2k2, Mylk;Mlyk, Nckap1, Pelo;Pelota;Itga1, Pik3r1, Pik3r2, Pip5k1a, Ppp1r12a, Ptk2;FAK, Pxn, Rac1, Raf1, Rdx;BC147413, Rock2;Rock1, Rras, Sos1, Tmsb4x, Wasf2;AK199358"
KEGG_ARRHYTHMOGENIC_RIGHT_VENTRICULAR_CARDIOMYOPATHY_ARVC,21,9,0.6,0.537,0.74,0.8,0.78,0.76,0.76,0.72,0.73,0.75,0.8,3,"Actb, Actn1, Actn4, Atp2a2, Cdh2, Ctnna1;AK008288, Ctnnb1, Dag1, Dsc2, Dsg2, Dsp, Emd, Itga5, Itgb1, Itgb5, Jup, Lmna, Pelo;Pelota;Itga1, Pkp2, Tcf7l1, Tcf7l2","Actb, Actn4, Cdh2, Ctnnb1, Emd, Itgb1, Lmna, Pelo;Pelota;Itga1, Tcf7l1"
KEGG_TASTE_TRANSDUCTION,6,2,0.619,0.546,0.82,0.76,0.74,0.66,0.61,0.69,0.55,0.52,0.67,5,"Adcy6, Gnas, Gnb1, Prkaca, Prkacb, Scnn1a","Adcy6, Prkaca"
KEGG_SPHINGOLIPID_METABOLISM,15,6,0.641,0.557,0.86,0.83,0.81,0.76,0.74,0.8,0.75,0.71,0.72,1,"Arsa, Asah1, Degs1, Gba, Glb1;Tmppe, Kdsr, Neu1, Ppap2b, Ppap2c, Sgms2, Sgpl1;mKIAA1252, Sgpp1, Smpd4;mKIAA1418, Sptlc1, Sptlc2","Arsa, Kdsr, Neu1, Ppap2b, Sgpl1;mKIAA1252, Sgpp1"
KEGG_WNT_SIGNALING_PATHWAY,58,26,0.64,0.557,0.8,0.75,0.75,0.71,0.72,0.67,0.63,0.64,0.67,2,"Apc, Axin1, Axin2, Cacybp, Camk2b, Camk2d;Camk2g;mKIAA4163, Chd8, Crebbp, Csnk1a1, Csnk2a1, Csnk2a2, Csnk2b, Ctbp1, Ctnnb1, Ctnnbip1, Cul1, Daam1;mKIAA0666, Ep300, Fbxw11;mKIAA0696;Btrc;mKIAA4123, Frat1, Fzd1, Fzd8, Gsk3b, Jnk2;Mapk9, Jun, Lrp5, Lrp6, Map3k7, Nfatc1, Nfatc3, Nlk, Plcb1, Ppard, Ppp2ca, Ppp2cb, Ppp2r1a, Ppp2r5a, Ppp2r5c;mKIAA0044, Ppp2r5e;mKIAA4006, Ppp3ca, Ppp3cb, Prkaca, Prkacb, Psen1, Rac1, Rac2, Rbx1, Rhoa, Rock2;Rock1, Ruvbl1, Senp2, Smad3;AK214683, Smad4, Tbl1x, Tbl1xr1, Tcf7l1, Tcf7l2, Wnt5b","Axin2, Camk2d;Camk2g;mKIAA4163, Csnk1a1, Csnk2a2, Ctbp1, Ctnnb1, Ctnnbip1, Daam1;mKIAA0666, Ep300, Fbxw11;mKIAA0696;Btrc;mKIAA4123, Frat1, Fzd8, Gsk3b, Jun, Lrp5, Plcb1, Ppp2r5e;mKIAA4006, Prkaca, Rac1, Rock2;Rock1, Ruvbl1, Senp2, Smad3;AK214683, Tbl1x, Tcf7l1, Wnt5b"
KEGG_MELANOMA,26,11,0.65,0.562,0.71,0.79,0.74,0.77,0.74,0.74,0.73,0.74,0.76,2,"Akt1, Akt2;AK206940, Araf, Bad, Braf, Cdh1;AK041755, Cdk4, Cdkn1a, E2f3;E2F3, Egfr, Fgf1, Fgf21, Igf1, Map2k1, Map2k2, Mapk1, Mapk3, Mdm2, Met;Sltm, Nras;Kras, Pdgfa, Pik3ca, Pik3r1, Pik3r2, Pten, Raf1","Akt2;AK206940, Araf, Cdh1;AK041755, Igf1, Map2k1, Map2k2, Mdm2, Met;Sltm, Pik3r1, Pik3r2, Raf1"
KEGG_ONE_CARBON_POOL_BY_FOLATE,13,5,0.659,0.565,0.56,0.7,0.75,0.81,0.81,0.84,0.75,0.75,0.79,6,"Aldh1l1, Atic, Dhfr, Ftcd, Gart, Mtfmt, Mthfd1, Mthfd2l, Mthfr, Mthfs, Shmt1, Shmt2, Tyms","Aldh1l1, Ftcd, Gart, Mthfd2l, Mthfr"
KEGG_GLYCOSYLPHOSPHATIDYLINOSITOL_GPI_ANCHOR_BIOSYNTHESIS,11,4,0.68,0.575,0.91,0.77,0.74,0.73,0.63,0.62,0.65,0.67,0.72,1,"Dpm2, Gpaa1, Gpld1, Pigc, Pigk, Pigo, Pigp, Pigs, Pigu, Pigx, Pigy","Dpm2, Gpaa1, Pigp, Pigu"
KEGG_NOTCH_SIGNALING_PATHWAY,20,8,0.689,0.575,0.84,0.81,0.78,0.75,0.72,0.71,0.66,0.67,0.72,1,"Aph1a, Crebbp, Ctbp1, Dtx2, Dtx3l, Dtx4, Ep300, Hdac1, Hdac2, Hes1, Kat2a, Kat2b, Maml1, Ncor2, Ncstn, Psen1, Psen2, Psenen, Rfng;radical-fringe, Snw1","Aph1a, Ctbp1, Dtx3l, Dtx4, Ep300, Hdac2, Ncor2, Snw1"
KEGG_T_CELL_RECEPTOR_SIGNALING_PATHWAY,46,20,0.681,0.575,0.82,0.85,0.84,0.83,0.81,0.74,0.73,0.71,0.71,2,"AK171687;Bcl10, Akt1, Akt2;AK206940, Cblc, Cdc42, Cdk4, Chuk, Dlg1;mKIAA4187, Fos, Grb2, Gsk3b, IKKbeta;Ikbkb;Ikkb, Ikbkg, Jnk2;Mapk9, Jun, Map2k1, Map2k2, Map2k7, Map3k7, Mapk1, Mapk14, Mapk3, Nck1, Nfatc1, Nfatc3, Nfkb1, Nfkbia, Nfkbib, Nras;Kras, Pak1;Pak2, Pak4, Pdk1, Pik3ca, Pik3r1, Pik3r2, Plcg1;AK169777, Ppp3ca, Ppp3cb, Ptpn6, Raf1, Rela, Rhoa, Sos1, Sos2;AK138088, Tec, Zap70","AK171687;Bcl10, Akt2;AK206940, Cblc, Fos, Grb2, Gsk3b, Jun, Map2k1, Map2k2, Map2k7, Nck1, Nfkbib, Pdk1, Pik3r1, Pik3r2, Plcg1;AK169777, Raf1, Rela, Sos1, Zap70"
KEGG_FC_GAMMA_R_MEDIATED_PHAGOCYTOSIS,44,19,0.689,0.575,0.82,0.81,0.78,0.81,0.73,0.71,0.7,0.66,0.65,2,"Akt1, Akt2;AK206940, Arpc1a;Sid329, Arpc1b, Arpc2, Arpc3, Arpc4;Ttll3, Arpc5, Arpc5l, Asap1;Shag1, Asap3, Cdc42, Cfl1, Cfl2, Crk, Dnm1l;Drp1, Dnm2, Lyn, Map2k1, Mapk1, Mapk3, Myo10;myo 10, Pak1;Pak2, Pik3ca, Pik3r1, Pik3r2, Pikfyve, Pip4k2b, Pip5k1a, Pip5k1c, Pla2g6, Plcg1;AK169777, Ppap2b, Ppap2c, Prkcd, Prkce, Rac1, Rac2, Raf1, Rps6kb1, Rps6kb2, Vasp, Wasf2;AK199358, Wasl","Akt2;AK206940, Arpc3, Cfl1, Cfl2, Crk, Dnm2, Map2k1, Myo10;myo 10, Pik3r1, Pik3r2, Pip5k1a, Pla2g6, Plcg1;AK169777, Ppap2b, Prkce, Rac1, Raf1, Rps6kb1, Wasf2;AK199358"
KEGG_FOLATE_BIOSYNTHESIS,7,2,0.74,0.591,0.89,0.93,0.99,0.93,0.85,0.69,0.65,0.68,0.69,3.5,"Alpl, Dhfr, Fpgs, Gch1, Pts, Qdpr, Spr","Fpgs, Gch1"
KEGG_SPLICEOSOME,107,48,0.714,0.591,0.87,0.81,0.79,0.8,0.77,0.7,0.68,0.68,0.69,2,"Acin1, Aqr;mKIAA0560, BC033430;Hnrnpu;AK049600, Bcas2, Bud31, Ccdc12, Cdc40, Cdc5l;mKIAA0432, Crnkl1, Ctnnbl1, Cwc15, Ddx23, Ddx42, Ddx46, Ddx5;Mir3064, Dhx15;mDEAH9, Dhx16, Dhx38, Dhx8, Eftud2;mKIAA0031, Eif4a3, Hnrnpa1, Hnrnpc, Hnrnpk;Hnrpk, Hnrnpm;mKIAA4193, Hspa1b, Hspa8, Isy1, Lsm2;SmX5, Lsm4, Lsm6, Magohb, Naa38, Ncbp1, Ncbp2, Nhp2l1, PLRG1;Plrg1, Pcbp1, Phf5a, Ppie, Ppil1, Pqbp1, Prpf18, Prpf19, Prpf31, Prpf38a, Prpf38b, Prpf3;AK084028, Prpf4, Prpf40a;FBP11, Prpf40b, Prpf6, Prpf8, Puf60, Rbm17, Rbm22, Rbm25, Rbm8a, Sart1, Sf3a1, Sf3a2, Sf3a3, Sf3b1, Sf3b2, Sf3b3, Sf3b4, Sf3b5, Sfrs3;Srsf3, Sfrs7;Srsf7, Sfswap;Srsf8, Slu7, Smndc1, Snrnp200, Snrnp27, Snrnp40, Snrnp70, Snrpa, Snrpa1, Snrpb, Snrpb2, Snrpc, Snrpd1, Snrpd2, Snrpd3, Snrpe, Snrpf, Snrpg, Snw1, Srsf1, Srsf10;nssr 1, Srsf2, Srsf5, Srsf6, Srsf9, Syf2, Tcerg1, Thoc2;BC005561, Thoc3, Thoc4, Tra2b, Txnl4a;Naa10, U2af1, U2af2, Usp39, Wbp11, Xab2, Zmat2","Acin1, BC033430;Hnrnpu;AK049600, Bcas2, Ccdc12, Ctnnbl1, Cwc15, Ddx42, Dhx38, Dhx8, Eftud2;mKIAA0031, Eif4a3, Hnrnpa1, Hnrnpm;mKIAA4193, Hspa1b, Hspa8, Isy1, PLRG1;Plrg1, Ppil1, Pqbp1, Prpf19, Prpf31, Prpf38b, Prpf4, Prpf40b, Prpf6, Prpf8, Puf60, Rbm25, Sart1, Sf3a1, Sf3a2, Sf3b1, Sf3b2, Sf3b4, Sfrs7;Srsf7, Smndc1, Snrnp200, Snrnp40, Snrpa, Snrpd1, Snrpd2, Snrpe, Snrpf, Snrpg, Snw1, Syf2, Tcerg1, Thoc4"
KEGG_REGULATION_OF_AUTOPHAGY,14,5,0.743,0.591,0.83,0.91,0.92,0.92,0.88,0.77,0.75,0.75,0.7,2,"Atg12, Atg3, Atg4b, Atg5, Atg7, Becn1, Gabarap, Gabarapl1, Gabarapl2, Pik3c3, Pik3r4, Prkaa2, Ulk1, Ulk2","Atg12, Gabarap, Gabarapl1, Pik3c3, Ulk1"
KEGG_TOLL_LIKE_RECEPTOR_SIGNALING_PATHWAY,45,19,0.736,0.591,0.81,0.81,0.82,0.83,0.83,0.79,0.78,0.78,0.81,3,"Akt1, Akt2;AK206940, Casp8, Ccl5, Chuk, Cxcl10, Cxcl9, Fadd, Fos, IKKbeta;Ikbkb;Ikkb, IRAK1-S;Irak1;Mir718, Ifnar1, Ifnar2, Ikbkg, Irak4, Irf3, Irf5, Irf7, Jnk2;Mapk9, Jun, Lbp, Map2k1, Map2k2, Map2k3, Map2k4, Map2k7, Map3k7, Mapk1, Mapk14, Mapk3, Myd88, Nfkb1, Nfkbia, Pik3ca, Pik3r1, Pik3r2, Rac1, Rela, Ripk1, Stat1, Tab2, Tbk1, Ticam1, Tirap, Tollip","Akt2;AK206940, Fos, IRAK1-S;Irak1;Mir718, Irf3, Irf5, Irf7, Jun, Map2k1, Map2k2, Map2k3, Map2k4, Map2k7, Myd88, Pik3r1, Pik3r2, Rac1, Rela, Tab2, Tollip"
KEGG_TYPE_I_DIABETES_MELLITUS,2,0,0.73,0.591,NaN,NaN,NaN,NaN,NaN,NaN,NaN,NaN,NaN,NaN,"Fas, Hspd1",
KEGG_VASOPRESSIN_REGULATED_WATER_REABSORPTION,25,10,0.727,0.591,0.86,0.87,0.84,0.84,0.81,0.78,0.72,0.69,0.74,2,"Adcy6, Adcy9, Arhgdia, Creb1, Creb3l2, Creb3l3, Dctn1, Dctn4, Dctn5;Plk1, Dctn6, Dync1h1, Dync1i2;Dncic2, Dync1li2, Dynll1, Dynll2;Gdi-1, Gnas, Nsf;AK160502, Prkaca, Prkacb, Rab11a, Rab11b, Rab5a, Rab5b, Rab5c, Vamp2","Adcy6, Arhgdia, Creb3l2, Dctn4, Dync1h1, Dynll2;Gdi-1, Prkaca, Rab11b, Rab5a, Rab5c"
KEGG_LEISHMANIA_INFECTION,23,9,0.74,0.591,0.8,0.77,0.8,0.79,0.82,0.8,0.79,0.78,0.84,3,"C3, Elk1, Fos, IRAK1-S;Irak1;Mir718, Ifngr1, Ifngr2, Irak4, Itgb1, Jak1, Jak2, Jun, Map3k7, Mapk1, Mapk14, Mapk3, Myd88, Nfkb1, Nfkbia, Nfkbib, Ptpn6, Rela, Stat1, Tab2","C3, Fos, IRAK1-S;Irak1;Mir718, Itgb1, Jun, Myd88, Nfkbib, Rela, Tab2"
KEGG_BLADDER_CANCER,21,8,0.755,0.598,0.72,0.73,0.67,0.72,0.7,0.7,0.67,0.69,0.76,3,"Araf, Braf, Cdh1;AK041755, Cdk4, Cdkn1a, DAPK2;Dapk2, Dapk1, Dapk3, E2f3;E2F3, Egfr, Fgfr3, Map2k1, Map2k2, Mapk1, Mapk3, Mdm2, Nras;Kras, Raf1, Tymp, Vegfa, Vegfb","Araf, Cdh1;AK041755, Dapk3, Map2k1, Map2k2, Mdm2, Raf1, Vegfb"
KEGG_LYSOSOME,83,36,0.772,0.603,0.81,0.82,0.81,0.81,0.78,0.76,0.75,0.74,0.73,2,"AK081796;Gns, AK182549;Slc11a2;Nramp2, Abca2;Mir3087, Acp5, Aga, Ap1b1, Ap1g1, Ap1m1, Ap1s1, Ap3b1, Ap3d1, Ap3m1, Ap3s1, Ap3s2, Ap4b1, Ap4e1, Ap4s1, Arsa, Arsb, Arsg, Asah1, Atp6ap1, Atp6v0a1, Atp6v0b, Atp6v0c, Atp6v0d1, Atp6v1h, Cd164, Cln3, Cln5, Clta, Cltb, Cltc;AK049578, Ctsa, Ctsb, Ctsc, Ctsd, Ctsf, Ctsh, Ctso, Ctss, Ctsz, Dnase2b, Fuca1, Gaa, Galns, Gba, Gga1, Gga2;mKIAA1080, Glb1;Tmppe, Gm2a, Gnptg, Gusb, Hexa, Hgsnat, Hyal1;Nat6;Hyal3, Igf2r, Lamp1, Lamp2, Laptm4a, Laptm4b, Laptm5;AK171116, Lgmn, Lipa, Lpla2;Pla2g15, M6pr, Man2b1, Mcoln1, Naga, Naglu, Nagpa, Neu1, Npc1, Npc2, Ppt1, Ppt2, Psap, Scarb2, Slc17a5, Sort1, Sumf1, Tcirg1, Tpp1","Abca2;Mir3087, Acp5, Ap1b1, Ap1m1, Ap3b1, Ap3d1, Ap3m1, Ap3s2, Arsa, Arsg, Atp6v0a1, Atp6v0c, Atp6v0d1, Atp6v1h, Cd164, Cln3, Cltb, Ctsb, Ctsc, Ctsd, Ctsf, Gaa, Gm2a, Hexa, Hgsnat, Hyal1;Nat6;Hyal3, Igf2r, Lamp1, Lipa, Man2b1, Nagpa, Neu1, Npc1, Slc17a5, Sort1, Tcirg1"
KEGG_ENDOCYTOSIS,96,42,0.771,0.603,0.87,0.77,0.76,0.74,0.71,0.69,0.66,0.64,0.62,1.5,"Acap2, Adrbk1, Agap1;mKIAA1099, Ap2a1, Ap2a2;mKIAA0899, Ap2b1, Ap2m1, Ap2s1, Arap1, Arap2, Arfgap1, Arrb2, Asap1;Shag1, Asap3, Cblc, Cdc42, Chmp1b, Chmp2a, Chmp2b, Chmp4b, Chmp5, Clta, Cltb, Cltc;AK049578, Csf1r, Dnm1l;Drp1, Dnm2, Eea1, Egfr, Ehd1, Epn1, Eps15, Fam125a, Fgfr3, Fgfr4, Git1, Git2, Grk6;GRK6, Hgs, Hspa1b, Hspa8, Iqsec1, Iqsec2, Itch, Ldlr, Ldlrap1, Mdm2, Met;Sltm, Nedd4, Pard3, Pard6b, Pdcd6ip, Pikfyve, Pip4k2b, Pip5k1a, Pip5k1c, Prkci, Prkcz, Psd3, Rab11a, Rab11b, Rab11fip1;mFLJ00294, Rab11fip2, Rab11fip3, Rab22A;Rab22a, Rab4a, Rab5a, Rab5b, Rab5c, Rabep1, Ramp2;Vps25, Rufy1, Sh3glb1;AK086477, Sh3glb2, Smap1, Smap2, Smurf1, Smurf2, Snf8, Stam, Stam2, Stambp, Tsg101, Usp8;mUBPY, Vps28, Vps36, Vps37a, Vps37b, Vps37c, Vps45, Vps4a, Vps4b, Vta1, Wwp1, Zfyve20, mKIAA0439;Nedd4l","Adrbk1, Ap2a2;mKIAA0899, Arap1, Arap2, Arrb2, Cblc, Chmp4b, Cltb, Csf1r, Dnm2, Eea1, Ehd1, Git2, Grk6;GRK6, Hspa1b, Hspa8, Iqsec2, Mdm2, Met;Sltm, Nedd4, Pard3, Pard6b, Pip5k1a, Prkcz, Rab11b, Rab11fip1;mFLJ00294, Rab11fip2, Rab11fip3, Rab5a, Rab5c, Rabep1, Rufy1, Sh3glb1;AK086477, Smap2, Smurf1, Smurf2, Stam2, Tsg101, Usp8;mUBPY, Vps37b, Vps4b, Vta1"
KEGG_NON_HOMOLOGOUS_END_JOINING,5,1,0.787,0.611,1,0.87,0.89,0.59,0.38,0.14,0.1,0.11,0.11,1,"Dclre1c, Lig4, Rad50, Xrcc5, Xrcc6",Dclre1c
KEGG_GALACTOSE_METABOLISM,13,4,0.834,0.643,0.81,0.87,0.87,0.85,0.85,0.9,0.83,0.79,0.76,2.5,"B4galt1, Capn3;Ganc;mFLJ00088, G6pc, Gaa, Gale, Galk1, Galt, Gck, Glb1;Tmppe, Mgam, Pfkm, Pgm2, Ugp2","G6pc, Gaa, Galt, Gck"
KEGG_PURINE_METABOLISM,71,29,0.865,0.644,0.89,0.78,0.75,0.72,0.68,0.64,0.64,0.63,0.61,1,"Adcy6, Adcy9, Adk, Adsl, Adss, Adssl1, Ak2, Ak4, Ampd2, Aprt;aprt, Atic, Cant1, Dguok, Enpp1, Enpp3, Entpd5, Entpd6, Fhit, Gart, Gda, Gmpr2, Gmps, Guk1, Itpa, Nme1, Nme2, Nme3, Nme6, Npr2, Nt5c, Nt5c2, Nt5e, Nt5m;Dnt2, Nudt2, Nudt9, Paics, Papss1, Papss2, Pde3b, Pde6d, Pde9a, Pklr, Pnp, Pold3, Pold4, Pole3, Pole4, Polr1a, Polr1b, Polr1c, Polr1d, Polr2b, Polr2d, Polr2e, Polr2f, Polr2g, Polr2h, Polr2i, Polr2j, Polr2l, Polr3a, Polr3b, Polr3d, Polr3gl, Polr3k, Ppat, Prhoxnb, Prps1, Prune, Xdh, Znrd1","Adcy6, Adk, Adss, Adssl1, Ak4, Cant1, Dguok, Enpp1, Enpp3, Entpd5, Gart, Gda, Guk1, Nme2, Npr2, Nt5c2, Nt5e, Nudt9, Paics, Papss2, Pde6d, Pnp, Pold4, Polr1b, Polr1c, Polr2i, Polr2j, Prune, Xdh"
KEGG_PYRIMIDINE_METABOLISM,58,23,0.875,0.644,0.85,0.83,0.83,0.79,0.77,0.68,0.67,0.66,0.67,2,"Ak3, Cad, Cant1, Cda, Cmpk1, Dhodh, Dpyd, Dpys, Dtymk, Dut;Dutp, Entpd5, Entpd6, Itpa, Nme1, Nme2, Nme3, Nme6, Nt5c, Nt5c2, Nt5e, Nt5m;Dnt2, Nudt2, Pnp, Pold3, Pold4, Pole3, Pole4, Polr1a, Polr1b, Polr1c, Polr1d, Polr2b, Polr2d, Polr2e, Polr2f, Polr2g, Polr2h, Polr2i, Polr2j, Polr2l, Polr3a, Polr3b, Polr3d, Polr3gl, Polr3k, Tk1, Tk2, Txnrd1, Txnrd2;TXNRD2, Tymp, Tyms, Uck1, Uck2, Uckl1, Umps, Upb1, Upp2, Znrd1","Ak3, Cant1, Cda, Cmpk1, Dpyd, Dtymk, Entpd5, Nme2, Nt5c2, Nt5e, Pnp, Pold4, Polr1b, Polr1c, Polr2i, Polr2j, Tk2, Txnrd1, Txnrd2;TXNRD2, Uck1, Uckl1, Upb1, Upp2"
KEGG_VALINE_LEUCINE_AND_ISOLEUCINE_BIOSYNTHESIS,9,2,0.889,0.644,1,0.92,0.83,0.77,0.77,0.79,0.82,0.76,0.78,1,"Bcat2, Iars, Iars2, Kiaa0028;Lars2, Lars, Pdha1, Pdhb, Vars, Vars2","Lars, Vars"
KEGG_GLYCOSAMINOGLYCAN_BIOSYNTHESIS_KERATAN_SULFATE,6,1,0.871,0.644,0.63,1,1,0.84,0.7,0.68,0.65,0.69,0.73,3,"B3gnt1;Brms1, B4galt1, B4galt3, Commd1;B3gnt2, St3gal1;AK169958, St3gal3",B4galt3
KEGG_INOSITOL_PHOSPHATE_METABOLISM,27,9,0.911,0.644,0.76,0.7,0.71,0.78,0.79,0.73,0.73,0.68,0.66,4,"AK051424;Inpp4a, Aldh6a1, Cdipt, Impa1, Impa2, Inpp1, Inpp5b;INPP5P;Mir698, Inpp5k, Ipmk;AK076771, Ippk, Isyna1, Itpk1, Minpp1, PLC-epsilon;Plce1, Pi4ka;Pik4ca, Pik3c2a, Pik3c3, Pik3ca, Pikfyve, Pip4k2b, Pip5k1a, Pip5k1c, Plcb1, Plcg1;AK169777, Pten, Synj1, Tpi1","Impa1, Impa2, Ipmk;AK076771, PLC-epsilon;Plce1, Pi4ka;Pik4ca, Pik3c3, Pip5k1a, Plcb1, Plcg1;AK169777"
KEGG_GLYCOSPHINGOLIPID_BIOSYNTHESIS_LACTO_AND_NEOLACTO_SERIES,7,1,0.924,0.644,0.63,1,1,0.84,0.7,0.68,0.65,0.69,0.73,3,"B3galt1, B3gnt1;Brms1, B4galt1, B4galt3, Commd1;B3gnt2, St3gal3, St3gal4",B4galt3
KEGG_DNA_REPLICATION,17,5,0.904,0.644,0.92,0.72,0.7,0.71,0.72,0.68,0.64,0.62,0.65,1,"Mcm7, Pcna, Pold3, Pold4, Pole3, Pole4, Rfc1, Rfc2, Rfc3, Rfc5, Rnaseh1;Rnh1, Rnaseh2a, Rnaseh2b, Rnaseh2c, Rpa2, Rpa3, Ssbp1","Pold4, Rfc1, Rnaseh2a, Rnaseh2b, Rnaseh2c"
KEGG_HOMOLOGOUS_RECOMBINATION,11,3,0.86,0.644,0.96,0.86,0.85,0.87,0.8,0.76,0.74,0.72,0.73,1,"Mus81, Nbn, Pold3, Pold4, Rad50, Rpa2, Rpa3, Shfm1, Ssbp1, Top3a, Top3b;mTOP3beta","Nbn, Pold4, Shfm1"
KEGG_PHOSPHATIDYLINOSITOL_SIGNALING_SYSTEM,32,12,0.846,0.644,0.77,0.78,0.77,0.82,0.82,0.77,0.76,0.74,0.7,3,"AK051424;Inpp4a, Calm1, Calm2, Calm3, Cdipt, Cds2, Dgkd;mKIAA0145, Dgkz, Impa1, Impa2, Inpp1, Inpp5b;INPP5P;Mir698, Inpp5k, Ippk, Itpk1, Itpr1, Itpr2, PLC-epsilon;Plce1, Pi4ka;Pik4ca, Pik3c2a, Pik3c3, Pik3ca, Pik3r1, Pik3r2, Pikfyve, Pip4k2b, Pip5k1a, Pip5k1c, Plcb1, Plcg1;AK169777, Pten, Synj1","Calm3, Cds2, Impa1, Impa2, PLC-epsilon;Plce1, Pi4ka;Pik4ca, Pik3c3, Pik3r1, Pik3r2, Pip5k1a, Plcb1, Plcg1;AK169777"
KEGG_P53_SIGNALING_PATHWAY,26,9,0.881,0.644,0.83,0.69,0.68,0.66,0.65,0.62,0.6,0.61,0.59,2,"Bax, Bbc3, Bid, Casp8, Ccng2, Cd82, Cdk4, Cdkn1a, Cycs, Ei24, Fas, Gadd45a, Gadd45b, Gadd45g, Igf1, Mdm2, Perp, Ppm1d, Pten, Rchy1, Rfwd2, Sesn1, Sesn3, Shisa5, Steap3, Zmat3","Cd82, Cycs, Gadd45b, Igf1, Mdm2, Rchy1, Rfwd2, Sesn1, Zmat3"
KEGG_UBIQUITIN_MEDIATED_PROTEOLYSIS,86,35,0.897,0.644,0.9,0.82,0.81,0.79,0.74,0.68,0.65,0.64,0.64,1,"AK160359;Ube2j2, AK197603;Uba7;AK157941;Cdh29;Ube1l;D330022A01Rik;Cdhr4;Ip6k1, Anapc1, Anapc11, Anapc13, Anapc2, Anapc4, Anapc5, Anapc7, Birc6;AK165120, Cblc, Cdc16, Cdc26, Cdc34, Cul1, Cul2, Cul3, Cul4a, Cul5, Ddb1, Fbxo4, Fbxw11;mKIAA0696;Btrc;mKIAA4123, Fbxw7, Fbxw8, Fyr;Fzr1, Gm2058;Ube2h, Herc1, Herc2;rjs, Huwe1;KIAA312;mKIAA0312, Itch, Mdm2, Mgrn1;mKIAA0544, Miz1;Pias2, Nedd4, Pias1, Pias4;PIAS-gamma, Pml, Ppil2, Prpf19, Rbx1, Rchy1, Rfwd2, Rhobtb2;Dbc2, Rnf7, Sae1, Smurf1, Smurf2, Socs3, Stub1, Tceb1, Tceb2, Trim37, Trip12;AK032919, Uba1, Uba2, Ube2a, Ube2b, Ube2d2, Ube2d3;Ube2d2b, Ube2e1, Ube2e2, Ube2e3, Ube2f, Ube2g1, Ube2g2, Ube2j1, Ube2k, Ube2l3, Ube2l6, Ube2m, Ube2o, Ube2q1, Ube2r2, Ube2z, Ube3a, Ube3b, Ube3c;mKIAA0010, Ube4a, Ube4b;Ufd2, Ubox5;Fastkd5, Ubr5;mKIAA0896, Vhl, Wwp1, Wwp2, Xiap, mKIAA0439;Nedd4l","AK160359;Ube2j2, Cblc, Cdc34, Fbxo4, Fbxw11;mKIAA0696;Btrc;mKIAA4123, Fbxw7, Fbxw8, Gm2058;Ube2h, Huwe1;KIAA312;mKIAA0312, Mdm2, Mgrn1;mKIAA0544, Nedd4, Pias4;PIAS-gamma, Ppil2, Prpf19, Rchy1, Rfwd2, Rhobtb2;Dbc2, Smurf1, Smurf2, Stub1, Uba1, Ube2b, Ube2e2, Ube2f, Ube2k, Ube2l3, Ube2m, Ube2q1, Ube3a, Ube3b, Ube3c;mKIAA0010, Ube4b;Ufd2, Vhl, Xiap"
KEGG_SNARE_INTERACTIONS_IN_VESICULAR_TRANSPORT,24,8,0.893,0.644,0.71,0.78,0.83,0.84,0.81,0.74,0.7,0.7,0.7,2,"Bet1, Bet1l, Bnip1;Sec20, Gosr1, Gosr2, Sec22b, Snap23, Snap29, Snap47, Stx12, Stx16, Stx17, Stx18, Stx2, Stx6, Stx7, Stx8, Use1, Vamp2, Vamp4, Vamp5, Vamp8, Vti1b, Ykt6","Bet1, Bet1l, Gosr1, Sec22b, Stx17, Stx2, Stx8, Ykt6"
KEGG_APOPTOSIS,43,16,0.899,0.644,0.86,0.84,0.84,0.81,0.8,0.76,0.73,0.75,0.76,1.5,"Aifm1, Akt1, Akt2;AK206940, Bad, Bax, Bcl2l1, Bid, Casp6, Casp7, Casp8, Cflar, Chuk, Cycs, Dffa, Endog, Fadd, Fas, IKKbeta;Ikbkb;Ikkb, IRAK1-S;Irak1;Mir718, Ikbkg, Il1r1, Il1rap, Irak-2;Irak2, Irak4, Myd88, Nfkb1, Nfkbia, Pik3ca, Pik3r1, Pik3r2, Ppp3ca, Ppp3cb, Prkaca, Prkacb, Prkar1a, Prkar2a, Rela, Ripk1, Tnfrsf1a, Tradd, Traf2, Xiap, calp80;Capn2","Aifm1, Akt2;AK206940, Bcl2l1, Casp6, Cflar, Cycs, Endog, IRAK1-S;Irak1;Mir718, Il1r1, Myd88, Pik3r1, Pik3r2, Prkaca, Rela, Tnfrsf1a, Xiap"
KEGG_ADHERENS_JUNCTION,46,17,0.914,0.644,0.79,0.75,0.74,0.74,0.72,0.69,0.69,0.7,0.72,1,"Actb, Actn1, Actn4, Baiap2, Cdc42, Cdh1;AK041755, Crebbp, Csnk2a1, Csnk2a2, Csnk2b, Ctnna1;AK008288, Ctnnb1, Ctnnd1, Egfr, Ep300, Insr, Iqgap1, Lmo7, Map3k7, Mapk1, Mapk3, Met;Sltm, Mllt4, Nlk, Pard3, Ptpn1, Ptpn6, Ptprf, Ptprj, Pvrl1, Pvrl2, Pvrl3, Rac1, Rac2, Rhoa, Smad3;AK214683, Smad4, Sorbs1;mKIAA1296, Ssx2ip;mKIAA0923, Tcf7l1, Tcf7l2, Tgfbr1, Tjp1, Vcl, Wasf2;AK199358, Wasl","Actb, Actn4, Baiap2, Cdh1;AK041755, Csnk2a2, Ctnnb1, Ep300, Met;Sltm, Pard3, Ptprj, Pvrl1, Pvrl2, Rac1, Smad3;AK214683, Sorbs1;mKIAA1296, Tcf7l1, Wasf2;AK199358"
KEGG_NOD_LIKE_RECEPTOR_SIGNALING_PATHWAY,25,8,0.921,0.644,0.88,0.84,0.85,0.82,0.8,0.77,0.74,0.75,0.78,1,"Card6, Casp8, Ccl5, Chuk, Erbb2ip;mKIAA1225, Hsp90aa1, Hsp90ab1, Hsp90b1, IKKbeta;Ikbkb;Ikkb, Ikbkg, Il18, Jnk2;Mapk9, Map3k7, Mapk1, Mapk14, Mapk3, Nfkb1, Nfkbia, Nfkbib, Nod1, Rela, Sugt1, Tab2, Trip6, Xiap","Erbb2ip;mKIAA1225, Hsp90aa1, Hsp90ab1, Hsp90b1, Nfkbib, Rela, Tab2, Xiap"
KEGG_PROGESTERONE_MEDIATED_OOCYTE_MATURATION,37,13,0.922,0.644,0.79,0.83,0.77,0.78,0.72,0.72,0.66,0.67,0.7,2,"Adcy6, Adcy9, Akt1, Akt2;AK206940, Anapc1, Anapc11, Anapc13, Anapc2, Anapc4, Anapc5, Anapc7, Araf, Braf, Cdc16, Cdc26, Dctn5;Plk1, Fyr;Fzr1, Gnai2, Gnai3, Hsp90aa1, Hsp90ab1, Igf1, Jnk2;Mapk9, Mad2l2, Map2k1, Mapk1, Mapk14, Mapk3, Nras;Kras, Pde3b, Pik3ca, Pik3r1, Pik3r2, Prkaca, Prkacb, Raf1, Rps6ka1","Adcy6, Akt2;AK206940, Araf, Gnai2, Hsp90aa1, Hsp90ab1, Igf1, Map2k1, Pik3r1, Pik3r2, Prkaca, Raf1, Rps6ka1"
KEGG_PANCREATIC_CANCER,37,13,0.922,0.644,0.8,0.81,0.77,0.77,0.72,0.71,0.67,0.68,0.71,2,"Akt1, Akt2;AK206940, Araf, Bad, Bcl2l1, Braf, Cdc42, Cdk4, Chuk, E2f3;E2F3, Egfr, IKKbeta;Ikbkb;Ikkb, Ikbkg, Jak1, Jnk2;Mapk9, Map2k1, Mapk1, Mapk3, Nfkb1, Nras;Kras, Pik3ca, Pik3r1, Pik3r2, Rac1, Rac2, Raf1, Rala, Ralb, Ralbp1, Rela, Smad3;AK214683, Smad4, Stat1, Stat3, Tgfbr1, Vegfa, Vegfb","Akt2;AK206940, Araf, Bcl2l1, Map2k1, Pik3r1, Pik3r2, Rac1, Raf1, Rala, Ralbp1, Rela, Smad3;AK214683, Vegfb"
KEGG_RNA_DEGRADATION,43,14,0.971,0.658,0.85,0.81,0.79,0.78,0.76,0.74,0.7,0.66,0.68,1.5,"AK031165;Cnot3, Aars;Exosc6, BC079836;Cnot6, C1d, Cnot1, Cnot10, Cnot2, Cnot4, Cnot6l, Cnot7, Cnot8, Dcp2, Dcps, Ddx6, Edc3, Edc4, Exosc1, Exosc10, Exosc2, Exosc3, Exosc4, Exosc5, Exosc7, Exosc8, Gm5506;AK180697;Eno1, Hspa9, Hspd1, Lsm1, Lsm2;SmX5, Lsm4, Lsm6, Naa38, Papd7, Papola, Parn, Patl1, Skiv2l, Skiv2l2, Ttc37, Wdr61, Xrn1, Xrn2, Zcchc7","AK031165;Cnot3, Aars;Exosc6, Cnot2, Cnot4, Ddx6, Edc4, Exosc3, Exosc4, Exosc5, Exosc8, Gm5506;AK180697;Eno1, Papola, Skiv2l, Wdr61"
KEGG_RNA_POLYMERASE,19,4,0.985,0.658,0.68,0.8,0.87,0.9,0.94,0.77,0.79,0.86,0.85,5,"Polr1a, Polr1b, Polr1c, Polr1d, Polr2b, Polr2d, Polr2e, Polr2f, Polr2g, Polr2h, Polr2i, Polr2j, Polr2l, Polr3a, Polr3b, Polr3d, Polr3gl, Polr3k, Znrd1","Polr1b, Polr1c, Polr2i, Polr2j"
KEGG_BASE_EXCISION_REPAIR,14,3,0.96,0.658,0.95,0.6,0.64,0.74,0.69,0.61,0.58,0.57,0.56,1,"Apex2, Hmgb1, Nthl1, Parp1, Parp3;Adprt3, Pcna, Polb, Pold3, Pold4, Pole3, Pole4, Smug1, Ung, Xrcc1","Apex2, Parp1, Pold4"
KEGG_NUCLEOTIDE_EXCISION_REPAIR,29,9,0.952,0.658,0.94,0.79,0.76,0.76,0.73,0.71,0.66,0.69,0.74,1,"AK163166;Ercc5, Ccnh, Cdk7, Cul4a, Ddb1, Ercc3, Ercc4, Ercc6, Gtf2h1;p62, Gtf2h3, Gtf2h4, Gtf2h5, Mnat1, Pcna, Pold3, Pold4, Pole3, Pole4, Rad23a, Rad23b, Rbx1, Rfc1, Rfc2, Rfc3, Rfc5, Rpa2, Rpa3, Xpa, Xpc","Ccnh, Cdk7, Gtf2h1;p62, Gtf2h4, Gtf2h5, Pold4, Rad23a, Rfc1, Xpa"
KEGG_MISMATCH_REPAIR,12,2,0.974,0.658,1,0.73,0.69,0.69,0.67,0.61,0.58,0.59,0.63,1,"Mlh3, Msh2, Pcna, Pold3, Pold4, Rfc1, Rfc2, Rfc3, Rfc5, Rpa2, Rpa3, Ssbp1","Pold4, Rfc1"
KEGG_CELL_CYCLE,53,15,0.997,0.658,0.89,0.81,0.79,0.75,0.71,0.69,0.69,0.72,0.7,1,"14-3-3 gamma;Ywhag, Abl1, Anapc1, Anapc11, Anapc13, Anapc2, Anapc4, Anapc5, Anapc7, Bub3, Ccnh, Cdc14b, Cdc16, Cdc26, Cdk4, Cdk7, Cdkn1a, Cdkn1b, Cdkn2c, Crebbp, Cul1, Dctn5;Plk1, E2f3;E2F3, E2f4, Ep300, Fyr;Fzr1, Gadd45a, Gadd45b, Gadd45g, Gsk3b, Hdac1, Hdac2, Mad1;Mad1l1, Mad2l2, Mcm7, Mdm2, Pcna, Pttg1, Rad21, Rbl2, Rbx1, SAP2;Stag2, Smad3;AK214683, Smad4, Smc1a, Smc3, Stag1, Tfdp2, Ywhab, Ywhae, Ywhah, Ywhaq, Ywhaz","14-3-3 gamma;Ywhag, Abl1, Ccnh, Cdk7, Ep300, Gadd45b, Gsk3b, Hdac2, Mdm2, Pttg1, Smad3;AK214683, Smc1a, Smc3, Ywhab, Ywhae"
KEGG_OOCYTE_MEIOSIS,49,15,0.99,0.658,0.85,0.89,0.83,0.81,0.76,0.77,0.76,0.77,0.76,2,"14-3-3 gamma;Ywhag, Adcy6, Adcy9, Anapc1, Anapc11, Anapc13, Anapc2, Anapc4, Anapc5, Anapc7, Calm1, Calm2, Calm3, Camk2b, Camk2d;Camk2g;mKIAA4163, Cdc16, Cdc26, Cul1, Dctn5;Plk1, Fbxw11;mKIAA0696;Btrc;mKIAA4123, Igf1, Itpr1, Itpr2, Mad2l2, Map2k1, Mapk1, Mapk3, Ppp1ca, Ppp2ca, Ppp2cb, Ppp2r1a, Ppp2r5a, Ppp2r5c;mKIAA0044, Ppp2r5e;mKIAA4006, Ppp3ca, Ppp3cb, Prkaca, Prkacb, Pttg1, Rbx1, Rps6ka1, Slk, Smc1a, Smc3, Ywhab, Ywhae, Ywhah, Ywhaq, Ywhaz","14-3-3 gamma;Ywhag, Adcy6, Calm3, Camk2d;Camk2g;mKIAA4163, Fbxw11;mKIAA0696;Btrc;mKIAA4123, Igf1, Map2k1, Ppp2r5e;mKIAA4006, Prkaca, Pttg1, Rps6ka1, Smc1a, Smc3, Ywhab, Ywhae"
KEGG_TIGHT_JUNCTION,56,20,0.958,0.658,0.84,0.81,0.77,0.74,0.72,0.7,0.64,0.65,0.65,1.5,"Actb, Actn1, Actn4, Akt1, Akt2;AK206940, Ash1l, Cask, Cdc42, Cdk4, Cgn, Cldn1, Cldn14, Cldn2, Crb3, Csda, Csnk2a1, Csnk2a2, Csnk2b, Ctnna1;AK008288, Ctnnb1, Cttn, Exoc3, F11r, Gnai2, Gnai3, Llgl2, Magi1, Magi3, Mllt4, Mpp5, Myh10;mKIAA3005, Myh14, Myh9, Myl12b, Nras;Kras, Pard3, Pard6b, Pcp4;Igsf5, Ppp2ca, Ppp2cb, Ppp2r1a, Ppp2r2d;Ppp2r2a, Prkcd, Prkce, Prkci, Prkcz, Pten, Rab13, Rhoa, Rras, Sympk, Tjap1, Tjp1, Tjp2, Tjp3, Vapa","Actb, Actn4, Akt2;AK206940, Cgn, Cldn14, Cldn2, Csnk2a2, Ctnnb1, F11r, Gnai2, Llgl2, Magi3, Pard3, Pard6b, Pcp4;Igsf5, Ppp2r2d;Ppp2r2a, Prkce, Prkcz, Rras, Tjap1"
KEGG_RIG_I_LIKE_RECEPTOR_SIGNALING_PATHWAY,38,10,0.995,0.658,0.76,0.8,0.8,0.84,0.82,0.76,0.75,0.75,0.76,3,"AZ2;Azi2, Atg12, Atg5, Casp8, Chuk, Cxcl10, Cyld, Dak, Ddx3x;Ddx3y, Ddx58, Dhx58;D11lgp2, Fadd, IKKbeta;Ikbkb;Ikkb, Ifih1, Ikbkg, Irf3, Irf7, Isg15, Jnk2;Mapk9, Map3k7, Mapk14, Mavs, Nfkb1, Nfkbia, Nfkbib, Nlrx1, Otud5, Pin1, Rela, Ripk1, Rnf125, Sike1, Tank, Tbk1, Tbkbp1, Tradd, Traf2, Trim25","Atg12, Dak, Irf3, Irf7, Nfkbib, Pin1, Rela, Rnf125, Sike1, Trim25"
KEGG_CYTOSOLIC_DNA_SENSING_PATHWAY,25,6,0.988,0.658,0.89,0.81,0.84,0.83,0.8,0.8,0.77,0.74,0.76,1,"Atrip;Trex1;6620401K05Rik, Ccl5, Chuk, Cxcl10, Ddx58, IKKbeta;Ikbkb;Ikkb, Ikbkg, Il18, Irf3, Irf7, Mavs, Nfkb1, Nfkbia, Nfkbib, Polr1c, Polr1d, Polr3a, Polr3b, Polr3d, Polr3gl, Polr3k, Rela, Ripk1, Tbk1, Zbp1","Atrip;Trex1;6620401K05Rik, Irf3, Irf7, Nfkbib, Polr1c, Rela"
